id,engagement_id,name,population_count,population_amount,risk_existence,risk_completeness,risk_accuracy,risk_cutoff,risk_valuation,risk_rights_and_obligations,risk_presentation
ARE-0001,ENG-0001,revenue,8210,302245316,moderate,low,low,high,moderate,moderate,moderate
ARE-0002,ENG-0001,inventory,3217,74326578,low,moderate,low,low,high,low,moderate
ARE-0003,ENG-0001,cash,13432,172510944,low,moderate,moderate,moderate,high,moderate,moderate
ARE-0004,ENG-0001,fixed_assets,3226,84277791,moderate,moderate,moderate,high,high,moderate,high
ARE-0005,ENG-0001,payables,15544,78349494,moderate,moderate,high,high,moderate,low,moderate
ARE-0006,ENG-0002,revenue,54970,114403914,low,low,low,moderate,high,high,low
ARE-0007,ENG-0002,inventory,17641,65526615,high,low,moderate,low,moderate,high,moderate
ARE-0008,ENG-0002,cash,20953,191366536,high,high,low,low,moderate,low,low
ARE-0009,ENG-0002,fixed_assets,2086,63540273,high,moderate,moderate,low,low,low,low
ARE-0010,ENG-0002,payables,26456,49475286,high,low,moderate,high,high,low,moderate
ARE-0011,ENG-0003,revenue,33824,338067089,low,low,low,low,low,high,low
ARE-0012,ENG-0003,inventory,8392,74488220,low,low,low,low,moderate,low,low
ARE-0013,ENG-0003,cash,28381,190926701,low,low,low,low,low,high,moderate
ARE-0014,ENG-0003,fixed_assets,1066,75862013,high,low,low,moderate,low,moderate,low
ARE-0015,ENG-0003,payables,22016,20421489,moderate,low,low,moderate,low,low,low
ARE-0016,ENG-0004,revenue,16236,149376190,moderate,moderate,moderate,moderate,moderate,moderate,moderate
ARE-0017,ENG-0004,inventory,18108,38831201,low,moderate,high,high,low,high,moderate
ARE-0018,ENG-0004,cash,10973,85621832,moderate,moderate,low,low,moderate,moderate,moderate
ARE-0019,ENG-0004,fixed_assets,3995,63425334,moderate,low,moderate,moderate,low,moderate,moderate
ARE-0020,ENG-0004,payables,9976,23272889,moderate,low,low,moderate,moderate,low,high
ARE-0021,ENG-0005,revenue,14939,256561906,moderate,high,moderate,high,moderate,high,low
ARE-0022,ENG-0005,inventory,17278,9315174,low,moderate,moderate,moderate,moderate,moderate,moderate
ARE-0023,ENG-0005,cash,34875,141743954,moderate,low,moderate,moderate,moderate,low,high
ARE-0024,ENG-0005,fixed_assets,883,57375206,moderate,high,moderate,low,moderate,moderate,moderate
ARE-0025,ENG-0005,payables,24332,20543526,moderate,low,moderate,moderate,moderate,moderate,moderate
ARE-0026,ENG-0006,revenue,54308,43831145,moderate,high,low,high,low,low,moderate
ARE-0027,ENG-0006,inventory,12882,35009313,low,moderate,moderate,low,low,moderate,moderate
ARE-0028,ENG-0006,cash,13450,29905083,low,low,high,moderate,low,moderate,moderate
ARE-0029,ENG-0006,fixed_assets,1048,89266550,low,low,high,low,low,moderate,high
ARE-0030,ENG-0006,payables,13965,85814407,low,high,moderate,low,low,moderate,moderate
ARE-0031,ENG-0007,revenue,12498,49191774,moderate,high,moderate,low,moderate,low,moderate
ARE-0032,ENG-0007,inventory,13968,58115118,low,moderate,low,high,moderate,low,high
ARE-0033,ENG-0007,cash,11782,119561429,low,moderate,low,low,high,moderate,high
ARE-0034,ENG-0007,fixed_assets,1016,40737964,moderate,low,low,low,low,moderate,moderate
ARE-0035,ENG-0007,payables,10981,17245651,high,moderate,high,high,high,low,moderate
ARE-0036,ENG-0008,revenue,28397,324647148,moderate,moderate,moderate,high,moderate,high,high
ARE-0037,ENG-0008,inventory,19107,57604798,moderate,moderate,low,low,moderate,low,moderate
ARE-0038,ENG-0008,cash,25269,55453941,moderate,moderate,moderate,low,moderate,low,low
ARE-0039,ENG-0008,fixed_assets,1913,108455085,moderate,high,low,moderate,moderate,moderate,high
ARE-0040,ENG-0008,payables,11841,14900912,moderate,moderate,high,moderate,low,moderate,moderate
