id,procedure_id,run_id,drafted_by,template_id,cited_evidence_ids,exception_ids,version,status
CON-0001,PRC-0001,RUN-0003,agent,TPL-05,EVD-00001|EVD-00002|EVD-00003|EVD-00004|EVD-00005|EVD-00006|EVD-00007,,1,final
CON-0002,PRC-0002,RUN-0005,agent,TPL-07,EVD-00034|EVD-00037|EVD-00044|EVD-00049,EXC-0001,1,final
CON-0003,PRC-0003,RUN-0013,agent,TPL-07,EVD-00074|EVD-00076|EVD-00077|EVD-00080|EVD-00105|EVD-00106|EVD-00110|EVD-00113,EXC-0002|EXC-0003|EXC-0004|EXC-0005,2,final
CON-0004,PRC-0004,RUN-0019,agent,TPL-01,EVD-00115|EVD-00118|EVD-00120|EVD-00122|EVD-00123|EVD-00124,EXC-0006,2,final
CON-0005,PRC-0005,RUN-0021,agent,TPL-07,EVD-00130|EVD-00134|EVD-00135|EVD-00139|EVD-00140,,2,final
CON-0006,PRC-0006,RUN-0026,agent,TPL-03,EVD-00143|EVD-00147|EVD-00150|EVD-00162|EVD-00165|EVD-00166,EXC-0007,1,final
CON-0007,PRC-0007,RUN-0031,agent,TPL-04,EVD-00184|EVD-00189|EVD-00195|EVD-00211,EXC-0008|EXC-0009,1,final
CON-0008,PRC-0008,RUN-0036,agent,TPL-06,EVD-00215|EVD-00229|EVD-00237|EVD-00255,,3,final
CON-0009,PRC-0009,RUN-0038,agent,TPL-02,EVD-00259|EVD-00260|EVD-00261|EVD-00262|EVD-00264|EVD-00265|EVD-00269|EVD-00270,,1,reviewed
CON-0010,PRC-0010,RUN-0043,agent,TPL-06,EVD-00281|EVD-00292|EVD-00312|EVD-00314|EVD-00319,EXC-0010|EXC-0011|EXC-0012|EXC-0013,1,final
CON-0011,PRC-0011,RUN-0055,agent,TPL-02,EVD-00324|EVD-00338|EVD-00357|EVD-00358|EVD-00365|EVD-00374,EXC-0014|EXC-0015|EXC-0016|EXC-0017,2,final
CON-0012,PRC-0012,RUN-0058,agent,TPL-02,EVD-00383|EVD-00394|EVD-00395|EVD-00397|EVD-00412|EVD-00413,EXC-0018,1,final
CON-0013,PRC-0013,RUN-0062,agent,TPL-06,EVD-00415|EVD-00417|EVD-00419|EVD-00420|EVD-00422|EVD-00423|EVD-00424|EVD-00425,,1,final
CON-0014,PRC-0014,RUN-0064,agent,TPL-07,EVD-00426|EVD-00427|EVD-00428,EXC-0019|EXC-0020,2,reviewed
CON-0015,PRC-0015,RUN-0072,agent,TPL-03,EVD-00429,,2,final
CON-0016,PRC-0016,RUN-0075,agent,TPL-03,EVD-00430|EVD-00441|EVD-00442|EVD-00444|EVD-00465,EXC-0021|EXC-0022|EXC-0023,1,final
CON-0017,PRC-0017,RUN-0078,agent,TPL-02,EVD-00471|EVD-00473|EVD-00474|EVD-00475|EVD-00476|EVD-00477,,1,final
CON-0018,PRC-0018,RUN-0082,agent,TPL-02,EVD-00479|EVD-00480|EVD-00481|EVD-00486|EVD-00501,EXC-0024|EXC-0025,2,reviewed
CON-0019,PRC-0019,RUN-0086,agent,TPL-08,EVD-00514|EVD-00526|EVD-00528|EVD-00529|EVD-00541|EVD-00550,EXC-0026|EXC-0027|EXC-0028,2,final
CON-0020,PRC-0020,RUN-0094,agent,TPL-06,EVD-00558|EVD-00565|EVD-00571|EVD-00578|EVD-00586|EVD-00587,,2,final
CON-0021,PRC-0021,RUN-0101,agent,TPL-05,EVD-00589|EVD-00590|EVD-00591|EVD-00592|EVD-00596|EVD-00599|EVD-00602,EXC-0029,2,final
CON-0022,PRC-0022,RUN-0106,agent,TPL-08,EVD-00610|EVD-00611|EVD-00612|EVD-00628|EVD-00630,EXC-0030|EXC-0031|EXC-0032,2,reviewed
CON-0023,PRC-0023,RUN-0111,agent,TPL-01,EVD-00650|EVD-00655|EVD-00684|EVD-00686|EVD-00688|EVD-00711,EXC-0033,2,final
CON-0024,PRC-0024,RUN-0117,agent,TPL-05,EVD-00713|EVD-00716|EVD-00719|EVD-00721|EVD-00722|EVD-00724|EVD-00725,,1,final
CON-0025,PRC-0025,RUN-0118,agent,TPL-08,EVD-00727|EVD-00728|EVD-00733|EVD-00734|EVD-00735,,2,reviewed
CON-0026,PRC-0026,RUN-0120,agent,TPL-05,EVD-00769|EVD-00775|EVD-00776|EVD-00777|EVD-00778,EXC-0034|EXC-0035|EXC-0036|EXC-0037,3,final
CON-0027,PRC-0027,RUN-0133,agent,TPL-01,EVD-00808|EVD-00821|EVD-00822|EVD-00830|EVD-00831|EVD-00840|EVD-00845,EXC-0038|EXC-0039,2,reviewed
CON-0028,PRC-0028,RUN-0136,agent,TPL-02,EVD-00859|EVD-00860|EVD-00871|EVD-00874,,3,final
CON-0029,PRC-0029,RUN-0139,agent,TPL-03,EVD-00879|EVD-00881|EVD-00882|EVD-00883|EVD-00884|EVD-00885,EXC-0040,2,final
CON-0030,PRC-0030,RUN-0144,agent,TPL-06,EVD-00890,EXC-0041,3,final
CON-0031,PRC-0031,RUN-0153,agent,TPL-02,EVD-00891,EXC-0042|EXC-0043|EXC-0044,3,final
CON-0032,PRC-0032,RUN-0156,agent,TPL-08,EVD-00893|EVD-00895|EVD-00905,,1,reviewed
CON-0033,PRC-0033,RUN-0158,agent,TPL-01,EVD-00907|EVD-00908|EVD-00911|EVD-00912|EVD-00913|EVD-00914,,3,final
CON-0034,PRC-0034,RUN-0163,agent,TPL-03,EVD-00915|EVD-00924|EVD-00925|EVD-00945,EXC-0045|EXC-0046,2,final
CON-0035,PRC-0035,RUN-0166,agent,TPL-03,EVD-00948|EVD-00949|EVD-00950,EXC-0047,3,reviewed
CON-0036,PRC-0036,RUN-0175,agent,TPL-08,EVD-00953|EVD-00959|EVD-00980,EXC-0048|EXC-0049,2,reviewed
CON-0037,PRC-0037,RUN-0178,agent,TPL-05,EVD-00986|EVD-00990|EVD-00991,,2,final
CON-0038,PRC-0038,RUN-0181,agent,TPL-02,EVD-00999|EVD-01025|EVD-01035|EVD-01036,EXC-0050|EXC-0051,2,final
CON-0039,PRC-0039,RUN-0187,agent,TPL-04,EVD-01042|EVD-01043|EVD-01091|EVD-01111,EXC-0052|EXC-0053|EXC-0054|EXC-0055|EXC-0056|EXC-0057,2,reviewed
CON-0040,PRC-0040,,auditor,TPL-08,EVD-01117|EVD-01120|EVD-01122|EVD-01124,,1,reviewed
CON-0041,PRC-0041,RUN-0191,agent,TPL-02,EVD-01125|EVD-01126|EVD-01132|EVD-01133,EXC-0058|EXC-0059,3,final
CON-0042,PRC-0042,RUN-0194,agent,TPL-07,EVD-01141|EVD-01154|EVD-01166,,1,final
CON-0043,PRC-0043,RUN-0203,agent,TPL-03,EVD-01174|EVD-01183|EVD-01184|EVD-01190|EVD-01191|EVD-01224|EVD-01226|EVD-01227,EXC-0060|EXC-0061|EXC-0062|EXC-0063|EXC-0064|EXC-0065,1,reviewed
CON-0044,PRC-0044,RUN-0205,agent,TPL-06,EVD-01233|EVD-01235|EVD-01236|EVD-01245|EVD-01255|EVD-01258|EVD-01259,EXC-0066,2,final
CON-0045,PRC-0045,RUN-0209,agent,TPL-07,EVD-01262|EVD-01264|EVD-01265,,2,final
CON-0046,PRC-0046,RUN-0213,agent,TPL-02,EVD-01270|EVD-01271|EVD-01272|EVD-01281|EVD-01298|EVD-01314,EXC-0067|EXC-0068,3,final
CON-0047,PRC-0047,RUN-0217,agent,TPL-03,EVD-01327|EVD-01338|EVD-01349|EVD-01351,EXC-0069|EXC-0070,1,final
CON-0048,PRC-0048,RUN-0220,agent,TPL-07,EVD-01360|EVD-01365|EVD-01366|EVD-01371|EVD-01384|EVD-01385,EXC-0071,1,final
CON-0049,PRC-0049,RUN-0224,agent,TPL-07,EVD-01390|EVD-01391|EVD-01393|EVD-01394|EVD-01396|EVD-01397|EVD-01398,,2,final
CON-0050,PRC-0050,RUN-0231,agent,TPL-06,EVD-01399|EVD-01400,EXC-0072|EXC-0073|EXC-0074,2,final
CON-0051,PRC-0051,RUN-0232,agent,TPL-05,EVD-01401,EXC-0075|EXC-0076|EXC-0077|EXC-0078|EXC-0079,3,reviewed
CON-0052,PRC-0052,RUN-0240,agent,TPL-08,EVD-01415|EVD-01420|EVD-01437,EXC-0080,2,final
CON-0053,PRC-0053,RUN-0242,agent,TPL-07,EVD-01448|EVD-01449|EVD-01450|EVD-01451,,2,final
CON-0054,PRC-0054,RUN-0243,agent,TPL-01,EVD-01458|EVD-01463|EVD-01470|EVD-01481|EVD-01483|EVD-01486,EXC-0081|EXC-0082,2,final
CON-0055,PRC-0055,RUN-0250,agent,TPL-05,EVD-01500|EVD-01508|EVD-01527|EVD-01556,EXC-0083|EXC-0084,2,final
CON-0056,PRC-0056,RUN-0252,agent,TPL-05,EVD-01568|EVD-01573|EVD-01581|EVD-01582|EVD-01585|EVD-01600,,1,final
CON-0057,PRC-0057,RUN-0255,agent,TPL-04,EVD-01602|EVD-01606|EVD-01607|EVD-01611|EVD-01612|EVD-01613,,1,reviewed
CON-0058,PRC-0058,RUN-0258,agent,TPL-08,EVD-01641|EVD-01642|EVD-01653|EVD-01654|EVD-01663|EVD-01664|EVD-01665|EVD-01674,,1,reviewed
CON-0059,PRC-0059,RUN-0263,agent,TPL-01,EVD-01692|EVD-01693|EVD-01716|EVD-01723|EVD-01734|EVD-01735,EXC-0085|EXC-0086|EXC-0087,1,final
CON-0060,PRC-0060,RUN-0272,agent,TPL-08,EVD-01753|EVD-01755|EVD-01766|EVD-01779|EVD-01780,EXC-0088|EXC-0089,1,final
CON-0061,PRC-0061,RUN-0273,agent,TPL-04,EVD-01782|EVD-01784|EVD-01789,EXC-0090,2,final
CON-0062,PRC-0062,RUN-0282,agent,TPL-03,EVD-01806|EVD-01812|EVD-01821|EVD-01838,EXC-0091,1,final
CON-0063,PRC-0063,RUN-0284,agent,TPL-01,EVD-01864|EVD-01865|EVD-01871|EVD-01905|EVD-01915|EVD-01926,EXC-0092|EXC-0093|EXC-0094,2,final
CON-0064,PRC-0064,RUN-0293,agent,TPL-08,EVD-01927|EVD-01930|EVD-01936|EVD-01941|EVD-01945|EVD-01959|EVD-01960,EXC-0095|EXC-0096|EXC-0097,1,final
CON-0065,PRC-0065,RUN-0295,agent,TPL-05,EVD-01962|EVD-01963|EVD-01964|EVD-01965,,2,final
CON-0066,PRC-0066,RUN-0296,agent,TPL-01,EVD-01967|EVD-01968|EVD-01989|EVD-01998|EVD-02007|EVD-02014|EVD-02015,EXC-0098|EXC-0099|EXC-0100|EXC-0101,2,final
CON-0067,PRC-0067,RUN-0303,agent,TPL-08,EVD-02018|EVD-02028|EVD-02061|EVD-02077|EVD-02078,EXC-0102|EXC-0103,1,reviewed
CON-0068,PRC-0068,RUN-0308,agent,TPL-03,EVD-02079|EVD-02081|EVD-02085|EVD-02095|EVD-02096,,3,final
CON-0069,PRC-0069,RUN-0311,agent,TPL-04,EVD-02098|EVD-02099|EVD-02101|EVD-02103|EVD-02104|EVD-02105|EVD-02111,,2,final
CON-0070,PRC-0070,RUN-0313,agent,TPL-08,EVD-02114|EVD-02115|EVD-02133,EXC-0104,1,final
CON-0071,PRC-0071,RUN-0318,agent,TPL-05,EVD-02168|EVD-02179|EVD-02225,EXC-0105|EXC-0106|EXC-0107|EXC-0108,1,reviewed
CON-0072,PRC-0072,RUN-0320,agent,TPL-03,EVD-02229|EVD-02230|EVD-02231|EVD-02232|EVD-02233|EVD-02236|EVD-02238,,1,final
CON-0073,PRC-0073,RUN-0321,agent,TPL-05,EVD-02240|EVD-02242|EVD-02243|EVD-02246|EVD-02248|EVD-02250|EVD-02251,,2,reviewed
CON-0074,PRC-0074,RUN-0326,agent,TPL-04,EVD-02253|EVD-02262|EVD-02281|EVD-02285|EVD-02306|EVD-02311,EXC-0109|EXC-0110,2,final
CON-0075,PRC-0075,RUN-0330,agent,TPL-06,EVD-02317,EXC-0111|EXC-0112,1,final
CON-0076,PRC-0076,RUN-0333,agent,TPL-04,EVD-02318|EVD-02319|EVD-02321|EVD-02322|EVD-02335,,2,final
CON-0077,PRC-0077,RUN-0337,agent,TPL-03,EVD-02337|EVD-02338|EVD-02341|EVD-02342|EVD-02344,,1,final
CON-0078,PRC-0078,RUN-0339,agent,TPL-04,EVD-02382|EVD-02392|EVD-02401|EVD-02402,EXC-0113|EXC-0114|EXC-0115|EXC-0116|EXC-0117,3,final
CON-0079,PRC-0079,RUN-0351,agent,TPL-04,EVD-02407|EVD-02410|EVD-02417|EVD-02429,EXC-0118|EXC-0119,1,final
CON-0080,PRC-0080,RUN-0354,agent,TPL-03,EVD-02457|EVD-02458|EVD-02469|EVD-02473|EVD-02474,,3,final
CON-0081,PRC-0081,RUN-0356,agent,TPL-01,EVD-02482|EVD-02485|EVD-02486|EVD-02488,,1,final
CON-0082,PRC-0082,RUN-0357,agent,TPL-07,EVD-02496|EVD-02499|EVD-02525|EVD-02533,,2,final
CON-0083,PRC-0083,RUN-0362,agent,TPL-06,EVD-02550|EVD-02557|EVD-02558,EXC-0120,2,final
CON-0084,PRC-0084,RUN-0366,agent,TPL-07,EVD-02575|EVD-02576|EVD-02580|EVD-02584|EVD-02593,EXC-0121,1,final
CON-0085,PRC-0085,RUN-0369,agent,TPL-08,EVD-02599|EVD-02602|EVD-02603|EVD-02607|EVD-02610,,2,final
CON-0086,PRC-0086,RUN-0372,agent,TPL-04,EVD-02613|EVD-02614|EVD-02655|EVD-02658|EVD-02660|EVD-02663,,3,reviewed
CON-0087,PRC-0087,RUN-0376,agent,TPL-02,EVD-02671|EVD-02674|EVD-02675|EVD-02677|EVD-02683|EVD-02686|EVD-02698|EVD-02700,EXC-0122|EXC-0123,2,final
CON-0088,PRC-0088,RUN-0377,agent,TPL-05,EVD-02702|EVD-02706|EVD-02710|EVD-02711|EVD-02716|EVD-02721,,1,final
CON-0089,PRC-0089,RUN-0378,agent,TPL-04,EVD-02724|EVD-02725|EVD-02726|EVD-02727|EVD-02729|EVD-02730|EVD-02731,,2,reviewed
CON-0090,PRC-0090,RUN-0383,agent,TPL-01,EVD-02749|EVD-02765|EVD-02767|EVD-02768,,1,final
CON-0091,PRC-0091,RUN-0387,agent,TPL-07,EVD-02786|EVD-02788|EVD-02815|EVD-02827|EVD-02828|EVD-02829|EVD-02830|EVD-02857,EXC-0124|EXC-0125|EXC-0126|EXC-0127,3,final
CON-0092,PRC-0092,RUN-0390,agent,TPL-05,EVD-02871|EVD-02872|EVD-02877|EVD-02880|EVD-02883|EVD-02885|EVD-02889,EXC-0128|EXC-0129,1,final
CON-0093,PRC-0093,RUN-0392,agent,TPL-04,EVD-02903|EVD-02907|EVD-02908|EVD-02911|EVD-02912|EVD-02913,EXC-0130|EXC-0131,2,final
CON-0094,PRC-0094,RUN-0399,agent,TPL-07,EVD-02915|EVD-02916|EVD-02922|EVD-02931|EVD-02932|EVD-02936,EXC-0132|EXC-0133,2,final
CON-0095,PRC-0095,RUN-0406,agent,TPL-05,EVD-02949|EVD-02950,EXC-0134|EXC-0135|EXC-0136|EXC-0137|EXC-0138,3,final
CON-0096,PRC-0096,RUN-0410,agent,TPL-03,EVD-02952|EVD-02962|EVD-02974|EVD-02975|EVD-02987|EVD-02988,EXC-0139,2,final
CON-0097,PRC-0097,RUN-0413,agent,TPL-01,EVD-02995|EVD-02996|EVD-02997|EVD-02998|EVD-03000|EVD-03001|EVD-03002|EVD-03005,,2,final
CON-0098,PRC-0098,RUN-0420,agent,TPL-07,EVD-03008|EVD-03018|EVD-03022|EVD-03023|EVD-03032|EVD-03033,EXC-0140|EXC-0141|EXC-0142|EXC-0143|EXC-0144,2,final
CON-0099,PRC-0099,RUN-0424,agent,TPL-04,EVD-03069|EVD-03073|EVD-03084|EVD-03097|EVD-03104,EXC-0145,1,final
CON-0100,PRC-0100,RUN-0429,agent,TPL-03,EVD-03123|EVD-03126|EVD-03127,,1,reviewed
CON-0101,PRC-0101,RUN-0433,agent,TPL-02,EVD-03131|EVD-03132|EVD-03133|EVD-03134|EVD-03135|EVD-03137|EVD-03138,,1,final
CON-0102,PRC-0102,RUN-0438,agent,TPL-02,EVD-03144|EVD-03145|EVD-03160|EVD-03164,,1,final
CON-0103,PRC-0103,RUN-0441,agent,TPL-01,EVD-03181|EVD-03188|EVD-03190|EVD-03205|EVD-03206,,1,final
CON-0104,PRC-0104,RUN-0447,agent,TPL-03,EVD-03216|EVD-03218|EVD-03223,,2,final
CON-0105,PRC-0105,RUN-0449,agent,TPL-07,EVD-03225|EVD-03234|EVD-03235|EVD-03236|EVD-03237,,1,final
CON-0106,PRC-0106,RUN-0455,agent,TPL-08,EVD-03240|EVD-03254|EVD-03264|EVD-03265|EVD-03270|EVD-03271|EVD-03281|EVD-03296,EXC-0146|EXC-0147|EXC-0148|EXC-0149,2,final
CON-0107,PRC-0107,RUN-0457,agent,TPL-05,EVD-03305|EVD-03316|EVD-03319|EVD-03325|EVD-03356|EVD-03359|EVD-03360,EXC-0150|EXC-0151|EXC-0152,2,final
CON-0108,PRC-0108,RUN-0462,agent,TPL-06,EVD-03365|EVD-03367|EVD-03372|EVD-03386,,1,final
CON-0109,PRC-0109,RUN-0464,agent,TPL-03,EVD-03390|EVD-03391|EVD-03392|EVD-03393|EVD-03394|EVD-03396,,1,reviewed
CON-0110,PRC-0110,RUN-0469,agent,TPL-01,EVD-03400|EVD-03411|EVD-03415|EVD-03443|EVD-03445|EVD-03448|EVD-03449,EXC-0153,2,reviewed
CON-0111,PRC-0111,RUN-0473,agent,TPL-04,EVD-03464|EVD-03465,EXC-0154|EXC-0155,1,final
CON-0112,PRC-0112,RUN-0475,agent,TPL-05,EVD-03470|EVD-03473|EVD-03478,,3,final
CON-0113,PRC-0113,RUN-0476,agent,TPL-06,EVD-03482|EVD-03484|EVD-03486|EVD-03487|EVD-03488,,1,final
CON-0114,PRC-0114,RUN-0481,agent,TPL-04,EVD-03491|EVD-03498|EVD-03503|EVD-03527|EVD-03528|EVD-03542|EVD-03546|EVD-03547,EXC-0156|EXC-0157|EXC-0158,1,final
CON-0115,PRC-0115,RUN-0490,agent,TPL-02,EVD-03550|EVD-03556|EVD-03560|EVD-03561|EVD-03580|EVD-03585|EVD-03586,EXC-0159,2,final
CON-0116,PRC-0116,RUN-0492,agent,TPL-07,EVD-03597|EVD-03600|EVD-03602|EVD-03606,,2,reviewed
CON-0117,PRC-0117,RUN-0495,agent,TPL-07,EVD-03607|EVD-03608|EVD-03610|EVD-03611|EVD-03612|EVD-03613,,1,reviewed
CON-0118,PRC-0118,RUN-0500,agent,TPL-03,EVD-03615|EVD-03616|EVD-03617|EVD-03618|EVD-03620|EVD-03621|EVD-03653|EVD-03654,EXC-0160|EXC-0161,1,reviewed
CON-0119,PRC-0119,RUN-0501,agent,TPL-01,EVD-03671|EVD-03674|EVD-03688|EVD-03689|EVD-03698|EVD-03713,EXC-0162|EXC-0163|EXC-0164|EXC-0165,3,reviewed
CON-0120,PRC-0120,RUN-0506,agent,TPL-05,EVD-03720|EVD-03725|EVD-03728|EVD-03732|EVD-03740|EVD-03743|EVD-03744|EVD-03747,EXC-0166,1,final
CON-0121,PRC-0121,RUN-0507,agent,TPL-01,EVD-03754|EVD-03757|EVD-03758|EVD-03759|EVD-03763|EVD-03764,,2,reviewed
CON-0122,PRC-0122,RUN-0513,agent,TPL-01,EVD-03766|EVD-03776|EVD-03791|EVD-03792|EVD-03802,EXC-0167|EXC-0168|EXC-0169,2,final
CON-0123,PRC-0123,RUN-0516,agent,TPL-01,EVD-03822|EVD-03823|EVD-03865|EVD-03866,EXC-0170|EXC-0171,1,reviewed
CON-0124,PRC-0124,RUN-0520,agent,TPL-03,EVD-03871|EVD-03874|EVD-03875|EVD-03877,EXC-0172,1,reviewed
CON-0125,PRC-0125,RUN-0522,agent,TPL-07,EVD-03881|EVD-03883|EVD-03885|EVD-03887|EVD-03888,,2,reviewed
CON-0126,PRC-0126,RUN-0525,agent,TPL-06,EVD-03906|EVD-03934|EVD-03938|EVD-03939|EVD-03950,EXC-0173|EXC-0174,3,final
CON-0127,PRC-0127,RUN-0530,agent,TPL-06,EVD-03971|EVD-03977|EVD-03978|EVD-03986|EVD-03991|EVD-03992|EVD-03996,EXC-0175|EXC-0176|EXC-0177,1,draft
CON-0128,PRC-0128,RUN-0533,agent,TPL-05,EVD-03998|EVD-04022|EVD-04032|EVD-04035,EXC-0178|EXC-0179,2,final
CON-0129,PRC-0129,RUN-0535,agent,TPL-03,EVD-04042|EVD-04045|EVD-04046|EVD-04047|EVD-04048,EXC-0180,1,final
CON-0130,PRC-0130,RUN-0539,agent,TPL-08,EVD-04049,EXC-0181|EXC-0182,1,final
CON-0131,PRC-0131,RUN-0544,agent,TPL-03,EVD-04050|EVD-04052|EVD-04066|EVD-04083|EVD-04084|EVD-04093,EXC-0183|EXC-0184|EXC-0185,1,draft
CON-0132,PRC-0132,RUN-0546,agent,TPL-03,EVD-04098|EVD-04099|EVD-04100|EVD-04103|EVD-04104|EVD-04105|EVD-04110|EVD-04111,,1,final
CON-0133,PRC-0133,RUN-0547,agent,TPL-06,EVD-04119|EVD-04120|EVD-04121|EVD-04123|EVD-04126|EVD-04128,,1,final
CON-0134,PRC-0134,RUN-0550,agent,TPL-02,EVD-04131|EVD-04132,EXC-0186|EXC-0187,1,reviewed
CON-0135,PRC-0135,RUN-0557,agent,TPL-06,EVD-04133|EVD-04134|EVD-04135,EXC-0188|EXC-0189|EXC-0190|EXC-0191,2,reviewed
CON-0136,PRC-0136,RUN-0561,agent,TPL-05,EVD-04136|EVD-04142|EVD-04149|EVD-04162|EVD-04168,EXC-0192|EXC-0193,1,reviewed
CON-0137,PRC-0137,RUN-0563,agent,TPL-01,EVD-04175|EVD-04176|EVD-04180|EVD-04181,EXC-0194,1,reviewed
CON-0138,PRC-0138,RUN-0569,agent,TPL-04,EVD-04187|EVD-04192|EVD-04193|EVD-04196|EVD-04198|EVD-04202|EVD-04221,EXC-0195,1,draft
CON-0139,PRC-0139,,auditor,TPL-05,,,1,draft
CON-0140,PRC-0140,RUN-0572,agent,TPL-08,EVD-04222|EVD-04225|EVD-04226|EVD-04228|EVD-04229|EVD-04246|EVD-04247,,1,reviewed
CON-0141,PRC-0141,RUN-0574,agent,TPL-02,EVD-04260|EVD-04261|EVD-04262|EVD-04263|EVD-04264|EVD-04265|EVD-04266,,2,reviewed
CON-0142,PRC-0142,,auditor,TPL-07,,,1,draft
CON-0143,PRC-0143,RUN-0578,agent,TPL-04,EVD-04270|EVD-04273|EVD-04278|EVD-04287|EVD-04297|EVD-04302|EVD-04303,EXC-0196|EXC-0197,1,draft
CON-0144,PRC-0144,,auditor,TPL-01,,,2,draft
CON-0145,PRC-0145,RUN-0580,agent,TPL-05,EVD-04310|EVD-04311|EVD-04312|EVD-04313|EVD-04315|EVD-04316|EVD-04319|EVD-04320,EXC-0198,2,reviewed
CON-0146,PRC-0146,RUN-0583,agent,TPL-01,EVD-04321|EVD-04329|EVD-04331|EVD-04378,EXC-0199|EXC-0200|EXC-0201|EXC-0202|EXC-0203,2,draft
CON-0147,PRC-0147,,auditor,TPL-07,,,1,draft
CON-0148,PRC-0148,,auditor,TPL-07,,,2,draft
CON-0149,PRC-0149,RUN-0587,agent,TPL-05,EVD-04380|EVD-04382|EVD-04383|EVD-04384|EVD-04385|EVD-04387|EVD-04388|EVD-04389,,1,reviewed
CON-0150,PRC-0150,RUN-0593,agent,TPL-01,EVD-04390|EVD-04391|EVD-04392,EXC-0204|EXC-0205|EXC-0206,1,draft
CON-0151,PRC-0151,,auditor,TPL-08,EVD-04393,EXC-0207|EXC-0208,1,draft
CON-0152,PRC-0152,,auditor,TPL-07,,,2,draft
CON-0153,PRC-0153,RUN-0603,agent,TPL-07,EVD-04398|EVD-04399|EVD-04400,,1,final
CON-0154,PRC-0154,RUN-0606,agent,TPL-08,EVD-04407|EVD-04410|EVD-04425|EVD-04427|EVD-04432|EVD-04436|EVD-04437,EXC-0209|EXC-0210|EXC-0211,1,draft
CON-0155,PRC-0155,RUN-0613,agent,TPL-05,EVD-04451,EXC-0212|EXC-0213,1,reviewed
CON-0156,PRC-0156,RUN-0615,agent,TPL-04,EVD-04456|EVD-04459|EVD-04461|EVD-04462|EVD-04463,,1,reviewed
CON-0157,PRC-0157,RUN-0618,agent,TPL-04,EVD-04464|EVD-04465|EVD-04466|EVD-04467|EVD-04468|EVD-04469,,1,reviewed
CON-0158,PRC-0158,,auditor,TPL-01,,,2,draft
CON-0159,PRC-0159,,auditor,TPL-06,,,1,draft
CON-0160,PRC-0160,,auditor,TPL-08,EVD-04470|EVD-04471|EVD-04472|EVD-04476|EVD-04479|EVD-04482|EVD-04490|EVD-04491,,1,draft
