id,procedure_id,sample_item_id,type,amount_difference,severity,detected_by,status,opened_day,resolved_day,resolver_role
EXC-0001,PRC-0002,SMP-00011,missing_evidence,45713.42,moderate,auditor,explained,59,81,manager
EXC-0002,PRC-0003,SMP-00061,amount_mismatch,-560.35,low,auditor,explained,50,56,manager
EXC-0003,PRC-0003,SMP-00064,missing_evidence,26508.35,moderate,agent,misstatement,45,69,senior
EXC-0004,PRC-0003,SMP-00067,missing_evidence,168669.5,high,agent,misstatement,45,69,senior
EXC-0005,PRC-0003,SMP-00073,conflicting_evidence,-3439.61,low,auditor,explained,51,66,senior
EXC-0006,PRC-0004,SMP-00085,cutoff,-127818.37,high,agent,explained,52,79,senior
EXC-0007,PRC-0006,SMP-00109,conflicting_evidence,-2001.39,low,auditor,explained,35,52,senior
EXC-0008,PRC-0007,SMP-00123,amount_mismatch,9253.74,moderate,auditor,waived,53,65,senior
EXC-0009,PRC-0007,SMP-00140,duplicate,7903.08,low,auditor,waived,50,58,senior
EXC-0010,PRC-0010,SMP-00181,missing_evidence,1649.48,low,auditor,waived,15,25,manager
EXC-0011,PRC-0010,SMP-00194,missing_evidence,6390.2,moderate,auditor,misstatement,19,26,manager
EXC-0012,PRC-0010,SMP-00209,unauthorized,21889.28,moderate,agent,explained,25,35,manager
EXC-0013,PRC-0010,SMP-00210,unauthorized,5461.79,low,auditor,explained,21,33,senior
EXC-0014,PRC-0011,SMP-00215,unauthorized,3281.79,low,auditor,misstatement,40,46,manager
EXC-0015,PRC-0011,SMP-00233,conflicting_evidence,103.01,low,agent,explained,45,56,manager
EXC-0016,PRC-0011,SMP-00240,amount_mismatch,105.47,moderate,auditor,explained,50,59,manager
EXC-0017,PRC-0011,SMP-00245,amount_mismatch,-6624.27,low,auditor,waived,39,44,manager
EXC-0018,PRC-0012,SMP-00257,cutoff,6297.32,low,auditor,explained,15,34,manager
EXC-0019,PRC-0014,SMP-00279,cutoff,-6439.23,low,auditor,explained,59,84,manager
EXC-0020,PRC-0014,SMP-00305,duplicate,50732.7,moderate,auditor,waived,74,88,manager
EXC-0021,PRC-0016,SMP-00340,missing_evidence,40422.31,moderate,agent,explained,56,73,senior
EXC-0022,PRC-0016,SMP-00346,missing_evidence,9348.04,low,auditor,explained,51,56,manager
EXC-0023,PRC-0016,SMP-00363,amount_mismatch,3774.4,moderate,agent,explained,49,79,senior
EXC-0024,PRC-0018,SMP-00369,missing_evidence,7774.97,moderate,agent,explained,61,73,manager
EXC-0025,PRC-0018,SMP-00389,missing_evidence,60763.86,moderate,auditor,explained,63,75,manager
EXC-0026,PRC-0019,SMP-00395,missing_evidence,21065.87,moderate,agent,explained,47,60,senior
EXC-0027,PRC-0019,SMP-00397,amount_mismatch,2291.42,low,auditor,explained,59,65,senior
EXC-0028,PRC-0019,SMP-00414,conflicting_evidence,-325.42,moderate,auditor,explained,61,71,manager
EXC-0029,PRC-0021,SMP-00444,unauthorized,37246.7,moderate,auditor,waived,33,61,senior
EXC-0030,PRC-0022,SMP-00450,conflicting_evidence,120.04,low,agent,explained,55,66,senior
EXC-0031,PRC-0022,SMP-00453,missing_evidence,44294.75,moderate,auditor,investigating,62,,associate
EXC-0032,PRC-0022,SMP-00458,missing_evidence,291968.48,high,agent,investigating,68,,associate
EXC-0033,PRC-0023,SMP-00496,amount_mismatch,-459.02,low,agent,waived,52,98,senior
EXC-0034,PRC-0026,SMP-00548,amount_mismatch,-803.82,low,auditor,waived,45,55,senior
EXC-0035,PRC-0026,SMP-00555,missing_evidence,3792.81,low,auditor,misstatement,37,39,senior
EXC-0036,PRC-0026,SMP-00560,amount_mismatch,353.8,low,auditor,explained,39,49,senior
EXC-0037,PRC-0026,SMP-00565,conflicting_evidence,-2419.57,moderate,auditor,explained,32,42,manager
EXC-0038,PRC-0027,SMP-00605,cutoff,122229.09,high,agent,explained,75,95,manager
EXC-0039,PRC-0027,SMP-00612,amount_mismatch,-2156.62,low,agent,explained,78,91,senior
EXC-0040,PRC-0029,SMP-00632,missing_evidence,3382.27,low,auditor,explained,35,67,manager
EXC-0041,PRC-0030,SMP-00653,amount_mismatch,-1211.15,low,agent,explained,41,47,manager
EXC-0042,PRC-0031,SMP-00678,cutoff,69825.33,moderate,auditor,explained,37,46,senior
EXC-0043,PRC-0031,SMP-00683,duplicate,60248.66,moderate,agent,explained,54,65,manager
EXC-0044,PRC-0031,SMP-00688,missing_evidence,50029.55,moderate,auditor,misstatement,58,78,manager
EXC-0045,PRC-0034,SMP-00732,duplicate,8893.81,low,auditor,explained,55,61,manager
EXC-0046,PRC-0034,SMP-00733,missing_evidence,20114.83,moderate,auditor,misstatement,70,75,manager
EXC-0047,PRC-0035,SMP-00774,amount_mismatch,413.44,moderate,agent,waived,61,69,senior
EXC-0048,PRC-0036,SMP-00799,cutoff,19448.38,moderate,auditor,open,94,,
EXC-0049,PRC-0036,SMP-00805,missing_evidence,15512.88,moderate,auditor,explained,93,108,partner
EXC-0050,PRC-0038,SMP-00843,amount_mismatch,481.13,moderate,auditor,explained,59,64,senior
EXC-0051,PRC-0038,SMP-00845,duplicate,16833.57,moderate,auditor,misstatement,51,64,senior
EXC-0052,PRC-0039,SMP-00853,cutoff,-15137.76,moderate,agent,investigating,57,,associate
EXC-0053,PRC-0039,SMP-00867,cutoff,-4728.3,moderate,agent,explained,57,64,senior
EXC-0054,PRC-0039,SMP-00875,unauthorized,144894.03,high,agent,explained,53,56,senior
EXC-0055,PRC-0039,SMP-00876,missing_evidence,5936.22,low,agent,investigating,44,,senior
EXC-0056,PRC-0039,SMP-00880,missing_evidence,12964.78,moderate,agent,misstatement,44,73,senior
EXC-0057,PRC-0039,SMP-00888,conflicting_evidence,109.63,low,auditor,open,53,,
EXC-0058,PRC-0041,SMP-00896,conflicting_evidence,390.51,low,agent,waived,83,89,manager
EXC-0059,PRC-0041,SMP-00898,conflicting_evidence,29.43,low,auditor,explained,94,108,manager
EXC-0060,PRC-0043,SMP-00929,amount_mismatch,6368.93,moderate,agent,explained,117,121,senior
EXC-0061,PRC-0043,SMP-00935,cutoff,11715.41,low,agent,waived,108,118,manager
EXC-0062,PRC-0043,SMP-00940,conflicting_evidence,1486.44,low,agent,waived,105,116,senior
EXC-0063,PRC-0043,SMP-00947,cutoff,13233.78,moderate,auditor,waived,103,120,senior
EXC-0064,PRC-0043,SMP-00951,cutoff,-15401.87,moderate,agent,explained,118,132,manager
EXC-0065,PRC-0043,SMP-00962,conflicting_evidence,-669.25,moderate,auditor,waived,109,121,manager
EXC-0066,PRC-0044,SMP-00979,cutoff,-31646.23,moderate,auditor,misstatement,98,117,manager
EXC-0067,PRC-0046,SMP-00991,amount_mismatch,-18.23,low,agent,explained,90,105,manager
EXC-0068,PRC-0046,SMP-01015,cutoff,-21591.27,moderate,agent,explained,98,106,senior
EXC-0069,PRC-0047,SMP-01026,conflicting_evidence,578.68,low,auditor,misstatement,124,132,senior
EXC-0070,PRC-0047,SMP-01030,conflicting_evidence,-2397.57,low,agent,waived,138,145,senior
EXC-0071,PRC-0048,SMP-01051,duplicate,49389.68,moderate,auditor,explained,110,135,senior
EXC-0072,PRC-0050,SMP-01094,amount_mismatch,7.48,low,auditor,explained,93,114,partner
EXC-0073,PRC-0050,SMP-01096,conflicting_evidence,-366.1,low,agent,explained,91,108,senior
EXC-0074,PRC-0050,SMP-01097,unauthorized,11401.97,low,auditor,misstatement,96,112,manager
EXC-0075,PRC-0051,SMP-01105,missing_evidence,13498.62,moderate,agent,explained,106,122,manager
EXC-0076,PRC-0051,SMP-01108,unauthorized,138725.41,high,agent,explained,107,120,senior
EXC-0077,PRC-0051,SMP-01129,missing_evidence,125847.77,high,agent,explained,119,132,manager
EXC-0078,PRC-0051,SMP-01140,amount_mismatch,1348.12,low,auditor,explained,117,130,senior
EXC-0079,PRC-0051,SMP-01145,amount_mismatch,-1119.63,low,auditor,waived,123,137,senior
EXC-0080,PRC-0052,SMP-01156,cutoff,19710.66,moderate,agent,explained,122,140,partner
EXC-0081,PRC-0054,SMP-01190,cutoff,-5542.66,low,agent,explained,132,146,senior
EXC-0082,PRC-0054,SMP-01192,amount_mismatch,495.93,low,agent,misstatement,131,144,manager
EXC-0083,PRC-0055,SMP-01212,missing_evidence,19488.68,moderate,agent,misstatement,134,143,senior
EXC-0084,PRC-0055,SMP-01242,amount_mismatch,-5773.27,low,auditor,explained,125,150,manager
EXC-0085,PRC-0059,SMP-01340,cutoff,77375.9,high,auditor,explained,106,118,senior
EXC-0086,PRC-0059,SMP-01368,missing_evidence,27194.04,moderate,agent,misstatement,105,120,senior
EXC-0087,PRC-0059,SMP-01373,amount_mismatch,117.61,moderate,auditor,explained,90,100,senior
EXC-0088,PRC-0060,SMP-01380,conflicting_evidence,-288.98,low,auditor,explained,120,133,senior
EXC-0089,PRC-0060,SMP-01389,missing_evidence,170329.68,high,auditor,explained,125,138,manager
EXC-0090,PRC-0061,SMP-01393,amount_mismatch,1010.96,low,agent,explained,107,126,senior
EXC-0091,PRC-0062,SMP-01418,amount_mismatch,-2908.68,low,agent,misstatement,154,165,manager
EXC-0092,PRC-0063,SMP-01443,amount_mismatch,-53.58,low,agent,misstatement,138,153,manager
EXC-0093,PRC-0063,SMP-01455,conflicting_evidence,662.03,low,auditor,explained,122,132,manager
EXC-0094,PRC-0063,SMP-01463,amount_mismatch,19.6,low,auditor,explained,148,158,senior
EXC-0095,PRC-0064,SMP-01487,cutoff,25451.14,moderate,auditor,misstatement,156,176,manager
EXC-0096,PRC-0064,SMP-01489,conflicting_evidence,1073.64,moderate,auditor,explained,166,174,senior
EXC-0097,PRC-0064,SMP-01502,amount_mismatch,-579.4,low,agent,explained,161,178,manager
EXC-0098,PRC-0066,SMP-01510,unauthorized,996.43,low,agent,explained,140,175,senior
EXC-0099,PRC-0066,SMP-01516,amount_mismatch,1286.92,low,agent,waived,136,146,senior
EXC-0100,PRC-0066,SMP-01527,cutoff,-62795.79,moderate,agent,explained,137,149,senior
EXC-0101,PRC-0066,SMP-01531,conflicting_evidence,-231.47,low,auditor,explained,140,152,senior
EXC-0102,PRC-0067,SMP-01555,missing_evidence,57827.64,moderate,agent,explained,147,160,senior
EXC-0103,PRC-0067,SMP-01565,conflicting_evidence,-111.74,low,agent,explained,145,174,manager
EXC-0104,PRC-0070,SMP-01608,cutoff,30536.7,moderate,agent,waived,158,169,manager
EXC-0105,PRC-0071,SMP-01645,amount_mismatch,-2488.1,low,agent,explained,165,169,manager
EXC-0106,PRC-0071,SMP-01658,cutoff,-6291.47,low,agent,explained,166,176,manager
EXC-0107,PRC-0071,SMP-01661,cutoff,-83842.41,high,agent,explained,153,186,senior
EXC-0108,PRC-0071,SMP-01668,missing_evidence,76977.3,high,auditor,explained,153,162,senior
EXC-0109,PRC-0074,SMP-01711,missing_evidence,4310.91,low,auditor,explained,171,180,senior
EXC-0110,PRC-0074,SMP-01712,amount_mismatch,-733.28,low,agent,explained,153,162,senior
EXC-0111,PRC-0075,SMP-01750,unauthorized,24557.27,moderate,agent,explained,151,161,senior
EXC-0112,PRC-0075,SMP-01754,conflicting_evidence,-14680.14,moderate,agent,explained,160,170,manager
EXC-0113,PRC-0078,SMP-01776,cutoff,-79533.12,high,agent,explained,141,148,manager
EXC-0114,PRC-0078,SMP-01784,cutoff,-1350.95,moderate,auditor,explained,141,152,senior
EXC-0115,PRC-0078,SMP-01794,amount_mismatch,6433.94,moderate,agent,explained,141,150,manager
EXC-0116,PRC-0078,SMP-01796,conflicting_evidence,1084.92,moderate,auditor,misstatement,141,159,senior
EXC-0117,PRC-0078,SMP-01800,amount_mismatch,-177.03,low,agent,explained,144,157,manager
EXC-0118,PRC-0079,SMP-01829,amount_mismatch,-1281.08,low,auditor,waived,119,160,senior
EXC-0119,PRC-0079,SMP-01834,amount_mismatch,2584.85,moderate,agent,explained,129,140,senior
EXC-0120,PRC-0083,SMP-01920,amount_mismatch,5471.62,low,auditor,explained,199,223,senior
EXC-0121,PRC-0084,SMP-01933,amount_mismatch,5811.14,low,auditor,waived,179,182,senior
EXC-0122,PRC-0087,SMP-01996,cutoff,31593.29,moderate,agent,explained,188,207,manager
EXC-0123,PRC-0087,SMP-01999,amount_mismatch,3437.94,low,agent,explained,190,208,senior
EXC-0124,PRC-0091,SMP-02064,missing_evidence,13761.95,moderate,auditor,explained,164,174,manager
EXC-0125,PRC-0091,SMP-02081,missing_evidence,37010.96,moderate,agent,explained,182,191,manager
EXC-0126,PRC-0091,SMP-02087,unauthorized,9004.91,low,agent,explained,174,185,manager
EXC-0127,PRC-0091,SMP-02096,cutoff,-7346.04,moderate,agent,misstatement,183,190,manager
EXC-0128,PRC-0092,SMP-02121,missing_evidence,10609.51,low,agent,waived,156,162,senior
EXC-0129,PRC-0092,SMP-02126,amount_mismatch,-231.68,low,agent,explained,164,174,manager
EXC-0130,PRC-0093,SMP-02134,cutoff,22287.84,moderate,agent,misstatement,169,178,senior
EXC-0131,PRC-0093,SMP-02137,amount_mismatch,2234.54,low,agent,explained,164,180,senior
EXC-0132,PRC-0094,SMP-02145,amount_mismatch,1239.06,low,auditor,explained,170,178,manager
EXC-0133,PRC-0094,SMP-02155,missing_evidence,105605.16,high,auditor,waived,153,159,senior
EXC-0134,PRC-0095,SMP-02170,conflicting_evidence,-455.98,low,agent,explained,181,191,senior
EXC-0135,PRC-0095,SMP-02174,missing_evidence,26708.36,moderate,agent,explained,182,189,manager
EXC-0136,PRC-0095,SMP-02180,missing_evidence,56003.91,moderate,agent,explained,195,208,senior
EXC-0137,PRC-0095,SMP-02189,missing_evidence,87376.33,high,agent,waived,202,213,senior
EXC-0138,PRC-0095,SMP-02192,cutoff,38115.85,moderate,agent,explained,190,198,senior
EXC-0139,PRC-0096,SMP-02218,amount_mismatch,2654.05,low,auditor,explained,191,208,senior
EXC-0140,PRC-0098,SMP-02231,unauthorized,12869.26,moderate,agent,misstatement,208,217,manager
EXC-0141,PRC-0098,SMP-02232,missing_evidence,37289.08,moderate,auditor,explained,197,220,manager
EXC-0142,PRC-0098,SMP-02240,amount_mismatch,8132.33,low,auditor,explained,194,205,manager
EXC-0143,PRC-0098,SMP-02242,missing_evidence,11218.51,low,auditor,explained,199,218,manager
EXC-0144,PRC-0098,SMP-02254,missing_evidence,3656.28,low,agent,waived,206,219,manager
EXC-0145,PRC-0099,SMP-02290,duplicate,8183.01,moderate,auditor,explained,202,211,senior
EXC-0146,PRC-0106,SMP-02385,missing_evidence,16146.98,moderate,agent,explained,217,232,manager
EXC-0147,PRC-0106,SMP-02399,cutoff,-94800.2,high,auditor,explained,226,258,senior
EXC-0148,PRC-0106,SMP-02403,cutoff,-155484.53,high,agent,waived,224,242,senior
EXC-0149,PRC-0106,SMP-02423,missing_evidence,24799.36,moderate,agent,explained,206,226,senior
EXC-0150,PRC-0107,SMP-02432,amount_mismatch,2978.8,low,agent,waived,228,253,senior
EXC-0151,PRC-0107,SMP-02435,amount_mismatch,-2718.31,moderate,agent,misstatement,241,251,senior
EXC-0152,PRC-0107,SMP-02453,amount_mismatch,-236.21,low,auditor,misstatement,229,256,manager
EXC-0153,PRC-0110,SMP-02500,missing_evidence,10136.88,low,agent,misstatement,189,205,senior
EXC-0154,PRC-0111,SMP-02527,amount_mismatch,-7618,low,auditor,explained,199,216,senior
EXC-0155,PRC-0111,SMP-02544,conflicting_evidence,-2409.11,moderate,agent,waived,208,215,manager
EXC-0156,PRC-0114,SMP-02574,conflicting_evidence,-191.66,low,agent,misstatement,239,251,senior
EXC-0157,PRC-0114,SMP-02584,cutoff,-11443.45,moderate,agent,explained,224,238,manager
EXC-0158,PRC-0114,SMP-02607,duplicate,4553,low,agent,waived,227,236,manager
EXC-0159,PRC-0115,SMP-02632,amount_mismatch,3988.29,low,agent,explained,182,188,manager
EXC-0160,PRC-0118,SMP-02663,cutoff,-24747.27,moderate,agent,explained,244,250,senior
EXC-0161,PRC-0118,SMP-02678,amount_mismatch,1999.65,moderate,agent,explained,228,249,manager
EXC-0162,PRC-0119,SMP-02687,amount_mismatch,-311.32,moderate,agent,explained,225,250,manager
EXC-0163,PRC-0119,SMP-02698,cutoff,124426.09,high,auditor,explained,225,241,manager
EXC-0164,PRC-0119,SMP-02709,duplicate,102794.66,high,agent,misstatement,238,242,senior
EXC-0165,PRC-0119,SMP-02712,duplicate,38735.54,moderate,agent,explained,223,231,manager
EXC-0166,PRC-0120,SMP-02728,missing_evidence,38501.21,moderate,auditor,waived,199,221,manager
EXC-0167,PRC-0122,SMP-02748,conflicting_evidence,-125.62,low,agent,waived,225,237,senior
EXC-0168,PRC-0122,SMP-02757,amount_mismatch,-1121.28,moderate,agent,explained,223,235,manager
EXC-0169,PRC-0122,SMP-02767,cutoff,9799.05,low,agent,waived,224,238,senior
EXC-0170,PRC-0123,SMP-02781,unauthorized,23318.07,moderate,auditor,explained,250,264,manager
EXC-0171,PRC-0123,SMP-02793,amount_mismatch,-441.87,low,agent,explained,238,261,senior
EXC-0172,PRC-0124,SMP-02818,cutoff,-36530.4,moderate,agent,waived,250,261,manager
EXC-0173,PRC-0126,SMP-02839,missing_evidence,5300.5,low,agent,explained,220,226,manager
EXC-0174,PRC-0126,SMP-02861,amount_mismatch,-5437.96,moderate,agent,waived,218,230,senior
EXC-0175,PRC-0127,SMP-02880,unauthorized,79669.16,high,agent,investigating,259,,senior
EXC-0176,PRC-0127,SMP-02883,unauthorized,15086.91,moderate,auditor,investigating,252,,senior
EXC-0177,PRC-0127,SMP-02884,unauthorized,19788.41,moderate,agent,investigating,246,,senior
EXC-0178,PRC-0128,SMP-02898,amount_mismatch,3303.54,low,agent,explained,230,238,manager
EXC-0179,PRC-0128,SMP-02899,amount_mismatch,-11852.45,low,auditor,explained,229,250,manager
EXC-0180,PRC-0129,SMP-02923,cutoff,-26012.42,moderate,auditor,explained,227,235,manager
EXC-0181,PRC-0130,SMP-02938,cutoff,19338.78,moderate,agent,explained,210,216,manager
EXC-0182,PRC-0130,SMP-02942,cutoff,-3530.55,low,agent,explained,220,230,senior
EXC-0183,PRC-0131,SMP-02946,cutoff,65880.57,moderate,auditor,explained,241,255,senior
EXC-0184,PRC-0131,SMP-02958,cutoff,88817.11,high,agent,investigating,242,,associate
EXC-0185,PRC-0131,SMP-02962,missing_evidence,123387.73,high,agent,investigating,231,,associate
EXC-0186,PRC-0134,SMP-02996,duplicate,18684.86,moderate,agent,investigating,252,,associate
EXC-0187,PRC-0134,SMP-03000,amount_mismatch,772.3,moderate,auditor,explained,242,254,senior
EXC-0188,PRC-0135,SMP-03032,duplicate,51486.23,moderate,agent,misstatement,246,261,manager
EXC-0189,PRC-0135,SMP-03041,amount_mismatch,-331.94,moderate,auditor,explained,250,260,manager
EXC-0190,PRC-0135,SMP-03045,amount_mismatch,296.85,low,auditor,explained,258,268,senior
EXC-0191,PRC-0135,SMP-03046,missing_evidence,27385.5,moderate,agent,explained,252,268,senior
EXC-0192,PRC-0136,SMP-03049,conflicting_evidence,-14.31,moderate,auditor,explained,260,267,senior
EXC-0193,PRC-0136,SMP-03052,conflicting_evidence,1374.57,low,agent,waived,242,258,manager
EXC-0194,PRC-0137,SMP-03074,unauthorized,39794.09,moderate,auditor,explained,224,228,senior
EXC-0195,PRC-0138,SMP-03080,duplicate,46281.64,moderate,agent,open,264,,
EXC-0196,PRC-0143,SMP-03129,unauthorized,8524.28,low,agent,investigating,260,,associate
EXC-0197,PRC-0143,SMP-03130,missing_evidence,9451.44,low,agent,explained,257,268,manager
EXC-0198,PRC-0145,SMP-03157,amount_mismatch,4641.64,low,agent,investigating,257,,senior
EXC-0199,PRC-0146,SMP-03164,unauthorized,19912.52,moderate,agent,investigating,253,,senior
EXC-0200,PRC-0146,SMP-03173,duplicate,24774.71,moderate,auditor,open,250,,
EXC-0201,PRC-0146,SMP-03175,amount_mismatch,-12506.29,moderate,auditor,open,251,,
EXC-0202,PRC-0146,SMP-03190,missing_evidence,9658.53,low,auditor,explained,237,263,senior
EXC-0203,PRC-0146,SMP-03199,missing_evidence,31500.09,moderate,agent,open,239,,
EXC-0204,PRC-0150,SMP-03207,unauthorized,12587.07,moderate,agent,investigating,263,,associate
EXC-0205,PRC-0150,SMP-03226,missing_evidence,11713.41,low,agent,open,250,,
EXC-0206,PRC-0150,SMP-03232,cutoff,14769.01,moderate,auditor,investigating,249,,senior
EXC-0207,PRC-0151,SMP-03235,amount_mismatch,-5361.87,low,agent,investigating,265,,associate
EXC-0208,PRC-0151,SMP-03252,cutoff,126793.16,high,auditor,open,270,,
EXC-0209,PRC-0154,SMP-03270,amount_mismatch,892.16,low,agent,investigating,244,,senior
EXC-0210,PRC-0154,SMP-03276,unauthorized,69514,moderate,agent,open,242,,
EXC-0211,PRC-0154,SMP-03282,amount_mismatch,7108.27,low,agent,investigating,243,,senior
EXC-0212,PRC-0155,SMP-03295,duplicate,20596.92,moderate,agent,investigating,261,,senior
EXC-0213,PRC-0155,SMP-03314,cutoff,15499.78,moderate,agent,explained,239,252,manager
