exception_id,day,status,actor_role
EXC-0001,59,open,senior
EXC-0001,65,investigating,associate
EXC-0001,81,explained,manager
EXC-0002,50,open,associate
EXC-0002,53,investigating,senior
EXC-0002,56,explained,manager
EXC-0003,45,open,associate
EXC-0003,49,investigating,associate
EXC-0003,69,misstatement,senior
EXC-0004,45,open,associate
EXC-0004,46,investigating,senior
EXC-0004,69,misstatement,senior
EXC-0005,51,open,senior
EXC-0005,56,investigating,associate
EXC-0005,66,explained,senior
EXC-0006,52,open,associate
EXC-0006,54,investigating,associate
EXC-0006,79,explained,senior
EXC-0007,35,open,associate
EXC-0007,41,investigating,senior
EXC-0007,52,explained,senior
EXC-0008,53,open,senior
EXC-0008,58,investigating,associate
EXC-0008,65,waived,senior
EXC-0009,50,open,senior
EXC-0009,56,investigating,senior
EXC-0009,58,waived,senior
EXC-0010,15,open,associate
EXC-0010,19,investigating,senior
EXC-0010,25,waived,manager
EXC-0011,19,open,senior
EXC-0011,21,investigating,associate
EXC-0011,26,misstatement,manager
EXC-0012,25,open,associate
EXC-0012,31,investigating,senior
EXC-0012,35,explained,manager
EXC-0013,21,open,associate
EXC-0013,24,investigating,associate
EXC-0013,33,explained,senior
EXC-0014,40,open,senior
EXC-0014,44,investigating,associate
EXC-0014,46,misstatement,manager
EXC-0015,45,open,associate
EXC-0015,50,investigating,senior
EXC-0015,56,explained,manager
EXC-0016,50,open,associate
EXC-0016,55,investigating,senior
EXC-0016,59,explained,manager
EXC-0017,39,open,senior
EXC-0017,40,investigating,associate
EXC-0017,44,waived,manager
EXC-0018,15,open,associate
EXC-0018,21,investigating,senior
EXC-0018,34,explained,manager
EXC-0019,59,open,associate
EXC-0019,60,investigating,associate
EXC-0019,84,explained,manager
EXC-0020,74,open,associate
EXC-0020,77,investigating,senior
EXC-0020,88,waived,manager
EXC-0021,56,open,associate
EXC-0021,58,investigating,associate
EXC-0021,73,explained,senior
EXC-0022,51,open,associate
EXC-0022,52,investigating,senior
EXC-0022,56,explained,manager
EXC-0023,49,open,associate
EXC-0023,55,investigating,senior
EXC-0023,79,explained,senior
EXC-0024,61,open,associate
EXC-0024,65,investigating,senior
EXC-0024,73,explained,manager
EXC-0025,63,open,associate
EXC-0025,69,investigating,associate
EXC-0025,75,explained,manager
EXC-0026,47,open,associate
EXC-0026,51,investigating,associate
EXC-0026,60,explained,senior
EXC-0027,59,open,associate
EXC-0027,60,investigating,senior
EXC-0027,65,explained,senior
EXC-0028,61,open,senior
EXC-0028,67,investigating,senior
EXC-0028,71,explained,manager
EXC-0029,33,open,associate
EXC-0029,36,investigating,senior
EXC-0029,61,waived,senior
EXC-0030,55,open,associate
EXC-0030,59,investigating,senior
EXC-0030,66,explained,senior
EXC-0031,62,open,senior
EXC-0031,63,investigating,associate
EXC-0032,68,open,associate
EXC-0032,74,investigating,senior
EXC-0033,52,open,associate
EXC-0033,53,investigating,senior
EXC-0033,98,waived,senior
EXC-0034,45,open,senior
EXC-0034,48,investigating,senior
EXC-0034,55,waived,senior
EXC-0035,37,open,senior
EXC-0035,38,investigating,senior
EXC-0035,39,misstatement,senior
EXC-0036,39,open,senior
EXC-0036,45,investigating,associate
EXC-0036,49,explained,senior
EXC-0037,32,open,associate
EXC-0037,38,investigating,associate
EXC-0037,42,explained,manager
EXC-0038,75,open,associate
EXC-0038,81,investigating,senior
EXC-0038,95,explained,manager
EXC-0039,78,open,associate
EXC-0039,83,investigating,senior
EXC-0039,91,explained,senior
EXC-0040,35,open,associate
EXC-0040,37,investigating,senior
EXC-0040,67,explained,manager
EXC-0041,41,open,associate
EXC-0041,42,investigating,senior
EXC-0041,47,explained,manager
EXC-0042,37,open,associate
EXC-0042,41,investigating,senior
EXC-0042,46,explained,senior
EXC-0043,54,open,associate
EXC-0043,55,investigating,associate
EXC-0043,65,explained,manager
EXC-0044,58,open,associate
EXC-0044,63,investigating,senior
EXC-0044,78,misstatement,manager
EXC-0045,55,open,senior
EXC-0045,59,investigating,associate
EXC-0045,61,explained,manager
EXC-0046,70,open,senior
EXC-0046,71,investigating,senior
EXC-0046,75,misstatement,manager
EXC-0047,61,open,associate
EXC-0047,65,investigating,associate
EXC-0047,69,waived,senior
EXC-0048,94,open,associate
EXC-0049,93,open,associate
EXC-0049,96,investigating,associate
EXC-0049,108,explained,partner
EXC-0050,59,open,associate
EXC-0050,60,investigating,senior
EXC-0050,64,explained,senior
EXC-0051,51,open,associate
EXC-0051,55,investigating,associate
EXC-0051,64,misstatement,senior
EXC-0052,57,open,associate
EXC-0052,61,investigating,senior
EXC-0053,57,open,associate
EXC-0053,61,investigating,associate
EXC-0053,64,explained,senior
EXC-0054,53,open,associate
EXC-0054,54,investigating,associate
EXC-0054,56,explained,senior
EXC-0055,44,open,associate
EXC-0055,50,investigating,associate
EXC-0056,44,open,associate
EXC-0056,49,investigating,associate
EXC-0056,73,misstatement,senior
EXC-0057,53,open,associate
EXC-0058,83,open,associate
EXC-0058,86,investigating,senior
EXC-0058,89,waived,manager
EXC-0059,94,open,senior
EXC-0059,100,investigating,associate
EXC-0059,108,explained,manager
EXC-0060,117,open,associate
EXC-0060,118,investigating,senior
EXC-0060,121,explained,senior
EXC-0061,108,open,associate
EXC-0061,111,investigating,associate
EXC-0061,118,waived,manager
EXC-0062,105,open,associate
EXC-0062,109,investigating,senior
EXC-0062,116,waived,senior
EXC-0063,103,open,associate
EXC-0063,109,investigating,associate
EXC-0063,120,waived,senior
EXC-0064,118,open,associate
EXC-0064,122,investigating,associate
EXC-0064,132,explained,manager
EXC-0065,109,open,senior
EXC-0065,112,investigating,associate
EXC-0065,121,waived,manager
EXC-0066,98,open,associate
EXC-0066,102,investigating,associate
EXC-0066,117,misstatement,manager
EXC-0067,90,open,associate
EXC-0067,94,investigating,senior
EXC-0067,105,explained,manager
EXC-0068,98,open,associate
EXC-0068,104,investigating,associate
EXC-0068,106,explained,senior
EXC-0069,124,open,senior
EXC-0069,129,investigating,senior
EXC-0069,132,misstatement,senior
EXC-0070,138,open,associate
EXC-0070,142,investigating,associate
EXC-0070,145,waived,senior
EXC-0071,110,open,senior
EXC-0071,116,investigating,associate
EXC-0071,135,explained,senior
EXC-0072,93,open,associate
EXC-0072,95,investigating,associate
EXC-0072,114,explained,partner
EXC-0073,91,open,associate
EXC-0073,97,investigating,senior
EXC-0073,108,explained,senior
EXC-0074,96,open,senior
EXC-0074,97,investigating,associate
EXC-0074,112,misstatement,manager
EXC-0075,106,open,associate
EXC-0075,110,investigating,associate
EXC-0075,122,explained,manager
EXC-0076,107,open,associate
EXC-0076,112,investigating,associate
EXC-0076,120,explained,senior
EXC-0077,119,open,associate
EXC-0077,120,investigating,senior
EXC-0077,132,explained,manager
EXC-0078,117,open,senior
EXC-0078,119,investigating,associate
EXC-0078,130,explained,senior
EXC-0079,123,open,associate
EXC-0079,129,investigating,associate
EXC-0079,137,waived,senior
EXC-0080,122,open,associate
EXC-0080,127,investigating,associate
EXC-0080,140,explained,partner
EXC-0081,132,open,associate
EXC-0081,138,investigating,associate
EXC-0081,146,explained,senior
EXC-0082,131,open,associate
EXC-0082,134,investigating,associate
EXC-0082,144,misstatement,manager
EXC-0083,134,open,associate
EXC-0083,139,investigating,associate
EXC-0083,143,misstatement,senior
EXC-0084,125,open,associate
EXC-0084,131,investigating,senior
EXC-0084,150,explained,manager
EXC-0085,106,open,associate
EXC-0085,110,investigating,senior
EXC-0085,118,explained,senior
EXC-0086,105,open,associate
EXC-0086,111,investigating,senior
EXC-0086,120,misstatement,senior
EXC-0087,90,open,associate
EXC-0087,96,investigating,associate
EXC-0087,100,explained,senior
EXC-0088,120,open,associate
EXC-0088,126,investigating,associate
EXC-0088,133,explained,senior
EXC-0089,125,open,associate
EXC-0089,131,investigating,associate
EXC-0089,138,explained,manager
EXC-0090,107,open,associate
EXC-0090,109,investigating,associate
EXC-0090,126,explained,senior
EXC-0091,154,open,associate
EXC-0091,158,investigating,senior
EXC-0091,165,misstatement,manager
EXC-0092,138,open,associate
EXC-0092,142,investigating,senior
EXC-0092,153,misstatement,manager
EXC-0093,122,open,associate
EXC-0093,125,investigating,associate
EXC-0093,132,explained,manager
EXC-0094,148,open,senior
EXC-0094,151,investigating,associate
EXC-0094,158,explained,senior
EXC-0095,156,open,associate
EXC-0095,160,investigating,associate
EXC-0095,176,misstatement,manager
EXC-0096,166,open,associate
EXC-0096,167,investigating,senior
EXC-0096,174,explained,senior
EXC-0097,161,open,associate
EXC-0097,163,investigating,senior
EXC-0097,178,explained,manager
EXC-0098,140,open,associate
EXC-0098,145,investigating,associate
EXC-0098,175,explained,senior
EXC-0099,136,open,associate
EXC-0099,139,investigating,senior
EXC-0099,146,waived,senior
EXC-0100,137,open,associate
EXC-0100,141,investigating,senior
EXC-0100,149,explained,senior
EXC-0101,140,open,senior
EXC-0101,145,investigating,associate
EXC-0101,152,explained,senior
EXC-0102,147,open,associate
EXC-0102,151,investigating,associate
EXC-0102,160,explained,senior
EXC-0103,145,open,associate
EXC-0103,147,investigating,senior
EXC-0103,174,explained,manager
EXC-0104,158,open,associate
EXC-0104,159,investigating,associate
EXC-0104,169,waived,manager
EXC-0105,165,open,associate
EXC-0105,166,investigating,senior
EXC-0105,169,explained,manager
EXC-0106,166,open,associate
EXC-0106,171,investigating,senior
EXC-0106,176,explained,manager
EXC-0107,153,open,associate
EXC-0107,157,investigating,associate
EXC-0107,186,explained,senior
EXC-0108,153,open,senior
EXC-0108,157,investigating,senior
EXC-0108,162,explained,senior
EXC-0109,171,open,associate
EXC-0109,175,investigating,senior
EXC-0109,180,explained,senior
EXC-0110,153,open,associate
EXC-0110,154,investigating,senior
EXC-0110,162,explained,senior
EXC-0111,151,open,associate
EXC-0111,155,investigating,senior
EXC-0111,161,explained,senior
EXC-0112,160,open,associate
EXC-0112,166,investigating,associate
EXC-0112,170,explained,manager
EXC-0113,141,open,associate
EXC-0113,145,investigating,associate
EXC-0113,148,explained,manager
EXC-0114,141,open,associate
EXC-0114,142,investigating,senior
EXC-0114,152,explained,senior
EXC-0115,141,open,associate
EXC-0115,145,investigating,senior
EXC-0115,150,explained,manager
EXC-0116,141,open,senior
EXC-0116,144,investigating,associate
EXC-0116,159,misstatement,senior
EXC-0117,144,open,associate
EXC-0117,147,investigating,senior
EXC-0117,157,explained,manager
EXC-0118,119,open,associate
EXC-0118,125,investigating,associate
EXC-0118,160,waived,senior
EXC-0119,129,open,associate
EXC-0119,133,investigating,senior
EXC-0119,140,explained,senior
EXC-0120,199,open,associate
EXC-0120,202,investigating,senior
EXC-0120,223,explained,senior
EXC-0121,179,open,senior
EXC-0121,180,investigating,senior
EXC-0121,182,waived,senior
EXC-0122,188,open,associate
EXC-0122,193,investigating,associate
EXC-0122,207,explained,manager
EXC-0123,190,open,associate
EXC-0123,194,investigating,senior
EXC-0123,208,explained,senior
EXC-0124,164,open,senior
EXC-0124,169,investigating,associate
EXC-0124,174,explained,manager
EXC-0125,182,open,associate
EXC-0125,185,investigating,associate
EXC-0125,191,explained,manager
EXC-0126,174,open,associate
EXC-0126,175,investigating,senior
EXC-0126,185,explained,manager
EXC-0127,183,open,associate
EXC-0127,187,investigating,associate
EXC-0127,190,misstatement,manager
EXC-0128,156,open,associate
EXC-0128,160,investigating,senior
EXC-0128,162,waived,senior
EXC-0129,164,open,associate
EXC-0129,170,investigating,senior
EXC-0129,174,explained,manager
EXC-0130,169,open,associate
EXC-0130,172,investigating,associate
EXC-0130,178,misstatement,senior
EXC-0131,164,open,associate
EXC-0131,167,investigating,senior
EXC-0131,180,explained,senior
EXC-0132,170,open,senior
EXC-0132,172,investigating,senior
EXC-0132,178,explained,manager
EXC-0133,153,open,associate
EXC-0133,155,investigating,associate
EXC-0133,159,waived,senior
EXC-0134,181,open,associate
EXC-0134,186,investigating,associate
EXC-0134,191,explained,senior
EXC-0135,182,open,associate
EXC-0135,186,investigating,senior
EXC-0135,189,explained,manager
EXC-0136,195,open,associate
EXC-0136,201,investigating,senior
EXC-0136,208,explained,senior
EXC-0137,202,open,associate
EXC-0137,203,investigating,associate
EXC-0137,213,waived,senior
EXC-0138,190,open,associate
EXC-0138,194,investigating,associate
EXC-0138,198,explained,senior
EXC-0139,191,open,associate
EXC-0139,197,investigating,associate
EXC-0139,208,explained,senior
EXC-0140,208,open,associate
EXC-0140,214,investigating,associate
EXC-0140,217,misstatement,manager
EXC-0141,197,open,associate
EXC-0141,202,investigating,senior
EXC-0141,220,explained,manager
EXC-0142,194,open,senior
EXC-0142,197,investigating,senior
EXC-0142,205,explained,manager
EXC-0143,199,open,associate
EXC-0143,204,investigating,associate
EXC-0143,218,explained,manager
EXC-0144,206,open,associate
EXC-0144,210,investigating,associate
EXC-0144,219,waived,manager
EXC-0145,202,open,associate
EXC-0145,205,investigating,senior
EXC-0145,211,explained,senior
EXC-0146,217,open,associate
EXC-0146,220,investigating,associate
EXC-0146,232,explained,manager
EXC-0147,226,open,associate
EXC-0147,228,investigating,associate
EXC-0147,258,explained,senior
EXC-0148,224,open,associate
EXC-0148,225,investigating,senior
EXC-0148,242,waived,senior
EXC-0149,206,open,associate
EXC-0149,207,investigating,associate
EXC-0149,226,explained,senior
EXC-0150,228,open,associate
EXC-0150,229,investigating,associate
EXC-0150,253,waived,senior
EXC-0151,241,open,associate
EXC-0151,247,investigating,senior
EXC-0151,251,misstatement,senior
EXC-0152,229,open,associate
EXC-0152,235,investigating,associate
EXC-0152,256,misstatement,manager
EXC-0153,189,open,associate
EXC-0153,195,investigating,associate
EXC-0153,205,misstatement,senior
EXC-0154,199,open,associate
EXC-0154,205,investigating,senior
EXC-0154,216,explained,senior
EXC-0155,208,open,associate
EXC-0155,213,investigating,senior
EXC-0155,215,waived,manager
EXC-0156,239,open,associate
EXC-0156,243,investigating,senior
EXC-0156,251,misstatement,senior
EXC-0157,224,open,associate
EXC-0157,226,investigating,senior
EXC-0157,238,explained,manager
EXC-0158,227,open,associate
EXC-0158,233,investigating,senior
EXC-0158,236,waived,manager
EXC-0159,182,open,associate
EXC-0159,184,investigating,associate
EXC-0159,188,explained,manager
EXC-0160,244,open,associate
EXC-0160,245,investigating,associate
EXC-0160,250,explained,senior
EXC-0161,228,open,associate
EXC-0161,234,investigating,senior
EXC-0161,249,explained,manager
EXC-0162,225,open,associate
EXC-0162,226,investigating,associate
EXC-0162,250,explained,manager
EXC-0163,225,open,senior
EXC-0163,228,investigating,senior
EXC-0163,241,explained,manager
EXC-0164,238,open,associate
EXC-0164,239,investigating,senior
EXC-0164,242,misstatement,senior
EXC-0165,223,open,associate
EXC-0165,229,investigating,associate
EXC-0165,231,explained,manager
EXC-0166,199,open,associate
EXC-0166,204,investigating,associate
EXC-0166,221,waived,manager
EXC-0167,225,open,associate
EXC-0167,229,investigating,associate
EXC-0167,237,waived,senior
EXC-0168,223,open,associate
EXC-0168,227,investigating,associate
EXC-0168,235,explained,manager
EXC-0169,224,open,associate
EXC-0169,226,investigating,associate
EXC-0169,238,waived,senior
EXC-0170,250,open,associate
EXC-0170,251,investigating,associate
EXC-0170,264,explained,manager
EXC-0171,238,open,associate
EXC-0171,242,investigating,senior
EXC-0171,261,explained,senior
EXC-0172,250,open,associate
EXC-0172,256,investigating,senior
EXC-0172,261,waived,manager
EXC-0173,220,open,associate
EXC-0173,224,investigating,senior
EXC-0173,226,explained,manager
EXC-0174,218,open,associate
EXC-0174,224,investigating,senior
EXC-0174,230,waived,senior
EXC-0175,259,open,associate
EXC-0175,265,investigating,associate
EXC-0176,252,open,associate
EXC-0176,257,investigating,associate
EXC-0177,246,open,associate
EXC-0177,247,investigating,senior
EXC-0178,230,open,associate
EXC-0178,234,investigating,associate
EXC-0178,238,explained,manager
EXC-0179,229,open,associate
EXC-0179,231,investigating,senior
EXC-0179,250,explained,manager
EXC-0180,227,open,associate
EXC-0180,228,investigating,associate
EXC-0180,235,explained,manager
EXC-0181,210,open,associate
EXC-0181,213,investigating,associate
EXC-0181,216,explained,manager
EXC-0182,220,open,associate
EXC-0182,224,investigating,associate
EXC-0182,230,explained,senior
EXC-0183,241,open,associate
EXC-0183,242,investigating,associate
EXC-0183,255,explained,senior
EXC-0184,242,open,associate
EXC-0184,247,investigating,senior
EXC-0185,231,open,associate
EXC-0185,236,investigating,senior
EXC-0186,252,open,associate
EXC-0186,258,investigating,associate
EXC-0187,242,open,associate
EXC-0187,247,investigating,senior
EXC-0187,254,explained,senior
EXC-0188,246,open,associate
EXC-0188,249,investigating,associate
EXC-0188,261,misstatement,manager
EXC-0189,250,open,senior
EXC-0189,253,investigating,associate
EXC-0189,260,explained,manager
EXC-0190,258,open,senior
EXC-0190,262,investigating,associate
EXC-0190,268,explained,senior
EXC-0191,252,open,associate
EXC-0191,255,investigating,associate
EXC-0191,268,explained,senior
EXC-0192,260,open,associate
EXC-0192,263,investigating,senior
EXC-0192,267,explained,senior
EXC-0193,242,open,associate
EXC-0193,245,investigating,senior
EXC-0193,258,waived,manager
EXC-0194,224,open,senior
EXC-0194,226,investigating,associate
EXC-0194,228,explained,senior
EXC-0195,264,open,associate
EXC-0196,260,open,associate
EXC-0196,263,investigating,associate
EXC-0197,257,open,associate
EXC-0197,259,investigating,associate
EXC-0197,268,explained,manager
EXC-0198,257,open,associate
EXC-0198,263,investigating,senior
EXC-0199,253,open,associate
EXC-0199,259,investigating,associate
EXC-0200,250,open,associate
EXC-0201,251,open,associate
EXC-0202,237,open,associate
EXC-0202,241,investigating,senior
EXC-0202,263,explained,senior
EXC-0203,239,open,associate
EXC-0204,263,open,associate
EXC-0204,268,investigating,senior
EXC-0205,250,open,associate
EXC-0206,249,open,senior
EXC-0206,253,investigating,senior
EXC-0207,265,open,associate
EXC-0207,269,investigating,senior
EXC-0208,270,open,associate
EXC-0209,244,open,associate
EXC-0209,248,investigating,senior
EXC-0210,242,open,associate
EXC-0211,243,open,associate
EXC-0211,249,investigating,senior
EXC-0212,261,open,associate
EXC-0212,266,investigating,associate
EXC-0213,239,open,associate
EXC-0213,245,investigating,associate
EXC-0213,252,explained,manager
