id,area_id,type,field_structure_id,target_assertions,planned_sample_size,owner_role,reviewer_role,status,start_day,due_day
PRC-0001,ARE-0001,risk_assessment,,existence|completeness|valuation,5,senior,manager,signed,2,27
PRC-0002,ARE-0001,test_of_details,FS-003,existence|accuracy|cutoff,32,associate,senior,signed,43,65
PRC-0003,ARE-0001,test_of_details,FS-009,cutoff|completeness,40,senior,senior,signed,43,65
PRC-0004,ARE-0001,analytical,,completeness|valuation,11,senior,manager,signed,45,66
PRC-0005,ARE-0002,risk_assessment,,completeness|valuation,5,senior,manager,signed,3,20
PRC-0006,ARE-0002,test_of_details,FS-016,existence|completeness,21,associate,senior,signed,26,41
PRC-0007,ARE-0002,test_of_details,FS-022,valuation,27,senior,manager,signed,44,71
PRC-0008,ARE-0002,controls,,cutoff|rights_and_obligations|presentation,27,senior,senior,signed,29,56
PRC-0009,ARE-0003,risk_assessment,,existence|valuation,8,senior,manager,concluded,2,23
PRC-0010,ARE-0003,test_of_details,FS-003,existence|accuracy|cutoff,35,associate,manager,signed,13,31
PRC-0011,ARE-0003,test_of_details,FS-035,existence|rights_and_obligations,35,associate,manager,signed,36,57
PRC-0012,ARE-0003,controls,,existence|cutoff|presentation,20,associate,senior,signed,9,29
PRC-0013,ARE-0004,risk_assessment,,existence|valuation,7,senior,manager,signed,8,32
PRC-0014,ARE-0004,test_of_details,FS-031,completeness|cutoff,34,associate,manager,concluded,50,78
PRC-0015,ARE-0004,test_of_details,FS-031,completeness|cutoff,30,associate,manager,signed,15,35
PRC-0016,ARE-0004,controls,,existence|cutoff,28,associate,manager,signed,42,56
PRC-0017,ARE-0005,risk_assessment,,existence|completeness|valuation,3,senior,manager,signed,4,30
PRC-0018,ARE-0005,test_of_details,FS-054,existence|accuracy|completeness,25,associate,senior,concluded,47,74
PRC-0019,ARE-0005,test_of_details,FS-052,existence|accuracy|completeness,29,senior,manager,signed,46,64
PRC-0020,ARE-0005,controls,,existence|cutoff|rights_and_obligations,19,associate,manager,signed,39,55
PRC-0021,ARE-0006,risk_assessment,,completeness|valuation,8,senior,manager,signed,27,41
PRC-0022,ARE-0006,test_of_details,FS-001,existence|accuracy|cutoff,32,associate,senior,needs_review,50,79
PRC-0023,ARE-0006,test_of_details,FS-001,existence|accuracy|cutoff,45,associate,senior,signed,50,73
PRC-0024,ARE-0006,analytical,,completeness|accuracy|valuation,7,associate,senior,signed,41,60
PRC-0025,ARE-0007,risk_assessment,,existence|completeness|valuation,6,senior,manager,needs_review,29,47
PRC-0026,ARE-0007,test_of_details,FS-019,accuracy|valuation,37,senior,manager,signed,30,45
PRC-0027,ARE-0007,test_of_details,FS-061,existence|presentation,41,senior,manager,concluded,69,89
PRC-0028,ARE-0007,analytical,,completeness|accuracy|valuation,11,senior,manager,signed,62,85
PRC-0029,ARE-0008,risk_assessment,,existence|completeness|valuation,8,senior,manager,signed,22,48
PRC-0030,ARE-0008,test_of_details,FS-031,completeness|cutoff,38,associate,senior,signed,30,44
PRC-0031,ARE-0008,test_of_details,FS-031,completeness|cutoff,38,senior,senior,signed,37,65
PRC-0032,ARE-0008,analytical,,completeness|accuracy|valuation,10,senior,senior,concluded,75,102
PRC-0033,ARE-0009,risk_assessment,,existence|valuation,5,senior,manager,signed,27,47
PRC-0034,ARE-0009,test_of_details,FS-022,valuation,22,associate,manager,signed,55,70
PRC-0035,ARE-0009,test_of_details,FS-046,valuation|accuracy,36,associate,manager,needs_review,60,83
PRC-0036,ARE-0009,controls,,cutoff|presentation,22,senior,manager,needs_review,69,99
PRC-0037,ARE-0010,risk_assessment,,existence|completeness|valuation,5,senior,manager,signed,24,46
PRC-0038,ARE-0010,test_of_details,FS-064,completeness|valuation,33,associate,manager,signed,46,62
PRC-0039,ARE-0010,test_of_details,FS-061,existence|presentation,45,senior,manager,needs_review,44,69
PRC-0040,ARE-0010,analytical,,accuracy|valuation,5,associate,senior,concluded,31,49
PRC-0041,ARE-0011,risk_assessment,,existence|completeness|valuation,8,senior,manager,signed,77,104
PRC-0042,ARE-0011,test_of_details,FS-012,existence|accuracy,21,associate,manager,signed,105,121
PRC-0043,ARE-0011,test_of_details,FS-006,accuracy|valuation,42,senior,manager,concluded,103,120
PRC-0044,ARE-0011,controls,,existence|rights_and_obligations,18,senior,senior,signed,82,111
PRC-0045,ARE-0012,risk_assessment,,completeness|valuation,4,senior,manager,signed,78,104
PRC-0046,ARE-0012,test_of_details,FS-024,valuation,36,associate,senior,signed,87,105
PRC-0047,ARE-0012,test_of_details,FS-027,cutoff|rights_and_obligations,22,associate,manager,signed,115,140
PRC-0048,ARE-0012,controls,,accuracy|presentation,17,senior,manager,signed,106,132
PRC-0049,ARE-0013,risk_assessment,,completeness|valuation,3,senior,manager,signed,73,96
PRC-0050,ARE-0013,test_of_details,FS-032,completeness|cutoff,38,associate,manager,signed,87,103
PRC-0051,ARE-0013,test_of_details,FS-028,existence|completeness|accuracy,43,senior,manager,concluded,105,127
PRC-0052,ARE-0013,controls,,accuracy|cutoff|rights_and_obligations,26,associate,manager,signed,117,132
PRC-0053,ARE-0014,risk_assessment,,completeness|valuation,5,senior,manager,signed,72,97
PRC-0054,ARE-0014,test_of_details,FS-042,existence|accuracy|rights_and_obligations,33,senior,senior,signed,123,152
PRC-0055,ARE-0014,test_of_details,FS-051,existence,43,associate,manager,signed,119,140
PRC-0056,ARE-0014,controls,,existence|presentation,25,associate,senior,signed,86,114
PRC-0057,ARE-0015,risk_assessment,,existence|completeness|valuation,6,senior,manager,concluded,70,91
PRC-0058,ARE-0015,test_of_details,FS-053,existence|accuracy|completeness,43,senior,senior,concluded,125,152
PRC-0059,ARE-0015,test_of_details,FS-061,existence|presentation,46,associate,manager,signed,90,117
PRC-0060,ARE-0015,controls,,accuracy|rights_and_obligations,17,associate,manager,signed,116,131
PRC-0061,ARE-0016,risk_assessment,,existence|valuation,5,senior,manager,signed,101,131
PRC-0062,ARE-0016,test_of_details,FS-011,existence|accuracy,42,associate,senior,signed,150,175
PRC-0063,ARE-0016,test_of_details,FS-015,existence|rights_and_obligations,45,associate,manager,signed,121,150
PRC-0064,ARE-0016,controls,,accuracy|rights_and_obligations|presentation,22,senior,manager,signed,143,168
PRC-0065,ARE-0017,risk_assessment,,existence|completeness|valuation,3,senior,manager,signed,101,127
PRC-0066,ARE-0017,test_of_details,FS-061,existence|presentation,33,senior,manager,signed,135,154
PRC-0067,ARE-0017,test_of_details,FS-018,existence|completeness,43,associate,senior,concluded,133,150
PRC-0068,ARE-0017,analytical,,completeness|accuracy,12,associate,manager,signed,136,164
PRC-0069,ARE-0018,risk_assessment,,existence|valuation,8,senior,manager,signed,100,118
PRC-0070,ARE-0018,test_of_details,FS-003,existence|accuracy|cutoff,27,associate,manager,signed,139,169
PRC-0071,ARE-0018,test_of_details,FS-036,existence|rights_and_obligations,46,associate,senior,concluded,148,166
PRC-0072,ARE-0018,analytical,,accuracy|valuation,6,senior,senior,signed,118,140
PRC-0073,ARE-0019,risk_assessment,,completeness|valuation,8,senior,manager,concluded,110,131
PRC-0074,ARE-0019,test_of_details,FS-022,valuation,42,senior,senior,signed,142,171
PRC-0075,ARE-0019,test_of_details,FS-047,valuation|accuracy,22,senior,senior,signed,138,161
PRC-0076,ARE-0019,analytical,,completeness|accuracy,12,associate,senior,signed,147,166
PRC-0077,ARE-0020,risk_assessment,,existence|completeness|valuation,7,senior,manager,signed,110,139
PRC-0078,ARE-0020,test_of_details,FS-064,completeness|valuation,39,associate,senior,signed,135,149
PRC-0079,ARE-0020,test_of_details,FS-062,existence|presentation,32,associate,senior,signed,113,142
PRC-0080,ARE-0020,analytical,,completeness|accuracy|valuation,15,associate,senior,signed,115,143
PRC-0081,ARE-0021,risk_assessment,,completeness|valuation,7,senior,manager,signed,143,173
PRC-0082,ARE-0021,test_of_details,FS-010,existence|accuracy,34,associate,manager,signed,169,195
PRC-0083,ARE-0021,test_of_details,FS-053,existence|accuracy|completeness,26,associate,manager,signed,171,200
PRC-0084,ARE-0021,analytical,,completeness|accuracy|valuation,15,associate,senior,signed,177,207
PRC-0085,ARE-0022,risk_assessment,,existence|completeness|valuation,8,senior,manager,signed,145,173
PRC-0086,ARE-0022,test_of_details,FS-024,valuation,33,associate,senior,concluded,183,205
PRC-0087,ARE-0022,test_of_details,FS-021,accuracy|valuation,21,associate,manager,signed,181,195
PRC-0088,ARE-0022,analytical,,completeness|accuracy|valuation,15,associate,senior,signed,178,198
PRC-0089,ARE-0023,risk_assessment,,existence|completeness|valuation,5,senior,manager,concluded,150,164
PRC-0090,ARE-0023,test_of_details,FS-034,existence|rights_and_obligations,34,associate,senior,signed,181,201
PRC-0091,ARE-0023,test_of_details,FS-035,existence|rights_and_obligations,46,senior,senior,signed,164,190
PRC-0092,ARE-0023,controls,,existence|accuracy|rights_and_obligations,27,associate,manager,signed,149,172
PRC-0093,ARE-0024,risk_assessment,,existence|completeness|valuation,7,senior,manager,signed,147,170
PRC-0094,ARE-0024,test_of_details,FS-040,existence|accuracy|rights_and_obligations,25,senior,senior,signed,151,173
PRC-0095,ARE-0024,test_of_details,FS-031,completeness|cutoff,33,associate,manager,signed,179,203
PRC-0096,ARE-0024,controls,,accuracy|cutoff,23,associate,manager,signed,171,198
PRC-0097,ARE-0025,risk_assessment,,completeness|valuation,8,senior,manager,signed,147,168
PRC-0098,ARE-0025,test_of_details,FS-060,completeness|accuracy,27,associate,manager,signed,194,221
PRC-0099,ARE-0025,test_of_details,FS-005,accuracy|valuation,45,associate,senior,signed,185,206
PRC-0100,ARE-0025,analytical,,completeness|accuracy|valuation,13,associate,senior,concluded,169,184
PRC-0101,ARE-0026,risk_assessment,,existence|completeness|valuation,5,senior,manager,signed,175,205
PRC-0102,ARE-0026,test_of_details,FS-002,existence|accuracy|cutoff,21,associate,senior,signed,213,241
PRC-0103,ARE-0026,test_of_details,FS-053,existence|accuracy|completeness,25,associate,senior,signed,215,230
PRC-0104,ARE-0026,analytical,,completeness|accuracy|valuation,12,associate,manager,signed,203,219
PRC-0105,ARE-0027,risk_assessment,,existence|completeness|valuation,8,senior,manager,signed,177,204
PRC-0106,ARE-0027,test_of_details,FS-024,valuation,43,associate,manager,signed,203,230
PRC-0107,ARE-0027,test_of_details,FS-023,valuation,39,senior,manager,signed,225,245
PRC-0108,ARE-0027,controls,,accuracy|cutoff,15,associate,senior,signed,219,235
PRC-0109,ARE-0028,risk_assessment,,existence|completeness|valuation,3,senior,manager,concluded,176,199
PRC-0110,ARE-0028,test_of_details,FS-035,existence|rights_and_obligations,42,associate,senior,concluded,182,198
PRC-0111,ARE-0028,test_of_details,FS-037,cutoff|existence,33,senior,senior,signed,197,219
PRC-0112,ARE-0028,analytical,,completeness|accuracy|valuation,8,associate,senior,signed,211,230
PRC-0113,ARE-0029,risk_assessment,,existence|completeness,4,senior,manager,signed,176,206
PRC-0114,ARE-0029,test_of_details,FS-049,existence,39,associate,senior,signed,224,242
PRC-0115,ARE-0029,test_of_details,FS-022,valuation,29,associate,senior,signed,179,195
PRC-0116,ARE-0029,analytical,,completeness|accuracy|valuation,5,associate,senior,concluded,200,224
PRC-0117,ARE-0030,risk_assessment,,existence|completeness|valuation,4,senior,manager,concluded,170,184
PRC-0118,ARE-0030,test_of_details,FS-054,existence|accuracy|completeness,35,senior,senior,concluded,222,244
PRC-0119,ARE-0030,test_of_details,FS-054,existence|accuracy|completeness,35,associate,senior,concluded,222,238
PRC-0120,ARE-0030,controls,,accuracy|rights_and_obligations|presentation,20,associate,senior,signed,184,206
PRC-0121,ARE-0031,risk_assessment,,existence|completeness|valuation,8,senior,manager,needs_review,208,223
PRC-0122,ARE-0031,test_of_details,FS-002,existence|accuracy|cutoff,28,associate,manager,signed,209,231
PRC-0123,ARE-0031,test_of_details,FS-011,existence|accuracy,40,associate,manager,concluded,237,254
PRC-0124,ARE-0031,analytical,,completeness|accuracy|valuation,5,senior,senior,concluded,234,258
PRC-0125,ARE-0032,risk_assessment,,existence|completeness|valuation,8,senior,manager,concluded,204,233
PRC-0126,ARE-0032,test_of_details,FS-025,cutoff|rights_and_obligations,38,senior,senior,signed,212,233
PRC-0127,ARE-0032,test_of_details,FS-061,existence|presentation,41,senior,manager,in_progress,246,275
PRC-0128,ARE-0032,controls,,rights_and_obligations|presentation,29,senior,senior,signed,216,233
PRC-0129,ARE-0033,risk_assessment,,existence|completeness|valuation,3,senior,manager,signed,210,236
PRC-0130,ARE-0033,test_of_details,FS-039,cutoff|existence,22,associate,manager,signed,210,232
PRC-0131,ARE-0033,test_of_details,FS-035,existence|rights_and_obligations,45,associate,senior,in_progress,229,253
PRC-0132,ARE-0033,analytical,,completeness|accuracy|valuation,12,senior,senior,signed,223,247
PRC-0133,ARE-0034,risk_assessment,,existence|completeness,7,senior,manager,signed,210,226
PRC-0134,ARE-0034,test_of_details,FS-031,completeness|cutoff,20,senior,manager,concluded,240,261
PRC-0135,ARE-0034,test_of_details,FS-047,valuation|accuracy,33,associate,senior,concluded,246,264
PRC-0136,ARE-0034,controls,,existence|cutoff|rights_and_obligations,22,senior,manager,concluded,239,265
PRC-0137,ARE-0035,risk_assessment,,existence|valuation,7,senior,manager,concluded,202,225
PRC-0138,ARE-0035,test_of_details,FS-055,completeness|cutoff,28,associate,senior,in_progress,253,271
PRC-0139,ARE-0035,test_of_details,FS-052,existence|accuracy|completeness,46,associate,manager,planned,255,279
PRC-0140,ARE-0035,controls,,existence|accuracy|rights_and_obligations,23,associate,manager,needs_review,242,260
PRC-0141,ARE-0036,risk_assessment,,existence|completeness|valuation,4,senior,manager,concluded,226,251
PRC-0142,ARE-0036,test_of_details,FS-004,accuracy|valuation,46,associate,senior,planned,272,296
PRC-0143,ARE-0036,test_of_details,FS-008,cutoff|completeness,29,associate,senior,needs_review,248,266
PRC-0144,ARE-0036,controls,,existence|rights_and_obligations|presentation,25,associate,senior,planned,272,287
PRC-0145,ARE-0037,risk_assessment,,existence|completeness,6,senior,manager,concluded,231,257
PRC-0146,ARE-0037,test_of_details,FS-016,existence|completeness,40,senior,senior,in_progress,235,255
PRC-0147,ARE-0037,test_of_details,FS-023,valuation,40,associate,manager,planned,276,290
PRC-0148,ARE-0037,controls,,accuracy|cutoff,27,senior,manager,planned,276,302
PRC-0149,ARE-0038,risk_assessment,,existence|completeness|valuation,5,senior,manager,needs_review,231,258
PRC-0150,ARE-0038,test_of_details,FS-037,cutoff|existence,46,senior,senior,in_progress,249,272
PRC-0151,ARE-0038,test_of_details,FS-038,cutoff|existence,31,associate,manager,in_progress,264,290
PRC-0152,ARE-0038,analytical,,completeness|accuracy,5,associate,manager,planned,280,294
PRC-0153,ARE-0039,risk_assessment,,existence|completeness,5,senior,manager,signed,233,248
PRC-0154,ARE-0039,test_of_details,FS-042,existence|accuracy|rights_and_obligations,32,associate,senior,needs_review,237,264
PRC-0155,ARE-0039,test_of_details,FS-048,valuation|accuracy,45,associate,senior,concluded,235,261
PRC-0156,ARE-0039,analytical,,accuracy|valuation,7,associate,manager,needs_review,238,267
PRC-0157,ARE-0040,risk_assessment,,existence|completeness|valuation,3,senior,manager,concluded,229,254
PRC-0158,ARE-0040,test_of_details,FS-005,accuracy|valuation,22,associate,senior,planned,279,301
PRC-0159,ARE-0040,test_of_details,FS-063,existence|presentation,24,associate,senior,planned,276,302
PRC-0160,ARE-0040,controls,,accuracy|rights_and_obligations,26,senior,manager,in_progress,266,283
