id,run_id,step_index,actor_role,action,day,minutes_since_draft,edit_diff_size
RVA-00001,RUN-0001,5,senior,reject_step,24,9,
RVA-00002,RUN-0001,5,senior,comment,24,18,
RVA-00003,RUN-0001,,senior,request_rerun,24,37,
RVA-00004,RUN-0002,,senior,comment,26,8,
RVA-00005,RUN-0002,5,senior,edit,26,30,161
RVA-00006,RUN-0002,,manager,approve,26,52,
RVA-00007,RUN-0002,,partner,sign,26,483,
RVA-00008,RUN-0003,5,senior,approve,28,48,
RVA-00009,RUN-0003,,manager,approve,28,557,
RVA-00010,RUN-0003,,partner,sign,28,965,
RVA-00011,RUN-0004,5,senior,comment,44,12,
RVA-00012,RUN-0004,5,senior,edit,44,24,207
RVA-00013,RUN-0004,,manager,approve,44,91,
RVA-00014,RUN-0004,,manager,sign,44,287,
RVA-00015,RUN-0005,5,senior,comment,66,6,
RVA-00016,RUN-0005,5,senior,approve,66,13,
RVA-00017,RUN-0005,,manager,approve,66,61,
RVA-00018,RUN-0006,1,manager,reject_step,62,4,
RVA-00019,RUN-0006,1,manager,comment,62,10,
RVA-00020,RUN-0006,,manager,request_rerun,62,29,
RVA-00021,RUN-0007,1,manager,reject_step,66,35,
RVA-00022,RUN-0007,1,manager,comment,66,37,
RVA-00023,RUN-0007,,manager,request_rerun,66,59,
RVA-00024,RUN-0008,5,senior,edit,57,38,673
RVA-00025,RUN-0008,,manager,approve,57,255,
RVA-00026,RUN-0009,5,senior,edit,62,31,55
RVA-00027,RUN-0009,,manager,approve,62,129,
RVA-00028,RUN-0009,,manager,sign,62,236,
RVA-00029,RUN-0010,5,senior,approve,51,28,
RVA-00030,RUN-0010,,manager,approve,51,56,
RVA-00031,RUN-0010,,partner,sign,51,859,
RVA-00032,RUN-0011,1,manager,reject_step,49,7,
RVA-00033,RUN-0011,,manager,request_rerun,49,12,
RVA-00034,RUN-0012,5,senior,approve,50,36,
RVA-00035,RUN-0012,,manager,approve,50,111,
RVA-00036,RUN-0012,,manager,sign,50,872,
RVA-00037,RUN-0013,5,methodology_reviewer,comment,61,4,
RVA-00038,RUN-0013,5,senior,edit,61,14,97
RVA-00039,RUN-0013,,manager,approve,61,326,
RVA-00040,RUN-0013,,manager,sign,61,865,
RVA-00041,RUN-0014,5,senior,approve,53,12,
RVA-00042,RUN-0014,,manager,approve,53,81,
RVA-00043,RUN-0014,,partner,sign,53,246,
RVA-00044,RUN-0015,3,senior,reject_step,47,20,
RVA-00045,RUN-0015,3,senior,comment,47,22,
RVA-00046,RUN-0015,,senior,request_rerun,47,26,
RVA-00047,RUN-0016,5,senior,comment,51,94,
RVA-00048,RUN-0016,5,senior,edit,51,126,110
RVA-00049,RUN-0016,,manager,approve,51,167,
RVA-00050,RUN-0016,,manager,sign,51,558,
RVA-00051,RUN-0017,,senior,comment,58,8,
RVA-00052,RUN-0017,5,senior,approve,58,23,
RVA-00053,RUN-0017,,manager,approve,58,84,
RVA-00054,RUN-0017,,manager,sign,58,509,
RVA-00055,RUN-0018,3,manager,reject_step,58,15,
RVA-00056,RUN-0018,3,manager,comment,58,22,
RVA-00057,RUN-0019,5,senior,edit,63,102,94
RVA-00058,RUN-0019,,manager,approve,63,238,
RVA-00059,RUN-0019,,manager,sign,63,642,
RVA-00060,RUN-0020,3,manager,reject_step,14,23,
RVA-00061,RUN-0021,5,senior,edit,23,26,495
RVA-00062,RUN-0021,,manager,approve,23,85,
RVA-00063,RUN-0021,,partner,sign,23,189,
RVA-00064,RUN-0022,1,manager,reject_step,38,11,
RVA-00065,RUN-0022,1,manager,comment,38,16,
RVA-00066,RUN-0022,,manager,request_rerun,38,37,
RVA-00067,RUN-0023,5,methodology_reviewer,comment,40,8,
RVA-00068,RUN-0023,5,senior,edit,40,68,519
RVA-00069,RUN-0023,,manager,approve,40,175,
RVA-00070,RUN-0023,,manager,sign,40,429,
RVA-00071,RUN-0024,5,senior,approve,37,17,
RVA-00072,RUN-0024,,manager,approve,37,270,
RVA-00073,RUN-0024,,manager,sign,37,389,
RVA-00074,RUN-0025,5,manager,reject_step,41,9,
RVA-00075,RUN-0025,5,manager,comment,41,16,
RVA-00076,RUN-0025,,manager,request_rerun,41,33,
RVA-00077,RUN-0026,5,senior,approve,44,10,
RVA-00078,RUN-0026,,manager,approve,44,49,
RVA-00079,RUN-0026,,partner,sign,44,212,
RVA-00080,RUN-0027,5,senior,edit,29,55,693
RVA-00081,RUN-0027,,manager,approve,29,120,
RVA-00082,RUN-0027,,manager,sign,29,680,
RVA-00083,RUN-0028,5,senior,approve,33,23,
RVA-00084,RUN-0028,,manager,approve,33,131,
RVA-00085,RUN-0028,,manager,sign,33,339,
RVA-00086,RUN-0029,5,senior,edit,43,26,226
RVA-00087,RUN-0029,,manager,approve,43,53,
RVA-00088,RUN-0029,,manager,sign,43,261,
RVA-00089,RUN-0030,5,senior,reject_step,61,40,
RVA-00090,RUN-0030,5,senior,comment,61,42,
RVA-00091,RUN-0030,,senior,request_rerun,61,66,
RVA-00092,RUN-0031,,senior,comment,63,8,
RVA-00093,RUN-0031,5,senior,approve,63,11,
RVA-00094,RUN-0031,,manager,approve,63,219,
RVA-00095,RUN-0031,,manager,sign,63,642,
RVA-00096,RUN-0032,1,manager,reject_step,70,55,
RVA-00097,RUN-0032,1,manager,comment,70,59,
RVA-00098,RUN-0033,5,senior,comment,53,4,
RVA-00099,RUN-0033,5,senior,edit,53,42,562
RVA-00100,RUN-0033,,manager,approve,53,136,
RVA-00101,RUN-0033,,partner,sign,53,279,
RVA-00102,RUN-0034,,senior,comment,52,18,
RVA-00103,RUN-0034,5,senior,approve,52,23,
RVA-00104,RUN-0034,,manager,approve,52,161,
RVA-00105,RUN-0035,5,manager,reject_step,36,23,
RVA-00106,RUN-0035,,manager,request_rerun,36,32,
RVA-00107,RUN-0036,5,senior,edit,39,51,498
RVA-00108,RUN-0036,,manager,approve,39,67,
RVA-00109,RUN-0037,5,manager,reject_step,12,2,
RVA-00110,RUN-0037,,manager,request_rerun,12,8,
RVA-00111,RUN-0038,5,senior,approve,15,10,
RVA-00112,RUN-0038,,manager,approve,15,325,
RVA-00113,RUN-0038,,partner,sign,15,440,
RVA-00114,RUN-0039,5,senior,edit,32,44,790
RVA-00115,RUN-0039,,manager,approve,32,219,
RVA-00116,RUN-0039,,manager,sign,32,612,
RVA-00117,RUN-0040,3,manager,reject_step,33,9,
RVA-00118,RUN-0040,3,manager,comment,33,14,
RVA-00119,RUN-0040,,manager,request_rerun,33,35,
RVA-00120,RUN-0041,3,senior,reject_step,35,11,
RVA-00121,RUN-0041,,senior,request_rerun,35,26,
RVA-00122,RUN-0042,5,senior,edit,28,34,672
RVA-00123,RUN-0042,,manager,approve,28,418,
RVA-00124,RUN-0042,,manager,sign,28,646,
RVA-00125,RUN-0043,,methodology_reviewer,comment,32,21,
RVA-00126,RUN-0043,5,senior,approve,32,26,
RVA-00127,RUN-0043,,manager,approve,32,130,
RVA-00128,RUN-0043,,manager,sign,32,283,
RVA-00129,RUN-0044,3,senior,reject_step,26,13,
RVA-00130,RUN-0044,3,senior,comment,26,23,
RVA-00131,RUN-0045,5,senior,comment,27,8,
RVA-00132,RUN-0045,5,senior,edit,27,20,391
RVA-00133,RUN-0045,,manager,approve,27,101,
RVA-00134,RUN-0045,,manager,sign,27,166,
RVA-00135,RUN-0046,5,senior,edit,49,41,468
RVA-00136,RUN-0046,,manager,approve,49,236,
RVA-00137,RUN-0046,,partner,sign,49,561,
RVA-00138,RUN-0047,5,senior,reject_step,50,32,
RVA-00139,RUN-0047,,senior,request_rerun,50,38,
RVA-00140,RUN-0048,,senior,comment,54,103,
RVA-00141,RUN-0048,5,senior,approve,54,106,
RVA-00142,RUN-0048,,manager,approve,54,214,
RVA-00143,RUN-0048,,manager,sign,54,384,
RVA-00144,RUN-0049,5,senior,edit,53,22,696
RVA-00145,RUN-0049,,manager,approve,53,99,
RVA-00146,RUN-0049,,partner,sign,53,604,
RVA-00147,RUN-0050,1,senior,reject_step,46,7,
RVA-00148,RUN-0050,1,senior,comment,46,16,
RVA-00149,RUN-0050,,senior,request_rerun,46,16,
RVA-00150,RUN-0051,5,senior,comment,47,30,
RVA-00151,RUN-0051,5,senior,approve,47,47,
RVA-00152,RUN-0051,,manager,approve,47,137,
RVA-00153,RUN-0051,,partner,sign,47,223,
RVA-00154,RUN-0052,1,senior,reject_step,48,3,
RVA-00155,RUN-0052,1,senior,comment,48,10,
RVA-00156,RUN-0052,,senior,request_rerun,48,26,
RVA-00157,RUN-0053,5,senior,edit,50,22,520
RVA-00158,RUN-0053,,manager,approve,50,149,
RVA-00159,RUN-0053,,manager,sign,50,387,
RVA-00160,RUN-0054,,senior,comment,48,20,
RVA-00161,RUN-0054,5,senior,approve,48,36,
RVA-00162,RUN-0054,,manager,approve,48,206,
RVA-00163,RUN-0054,,manager,sign,48,1050,
RVA-00164,RUN-0055,5,senior,edit,56,26,304
RVA-00165,RUN-0055,,manager,approve,56,139,
RVA-00166,RUN-0056,1,senior,reject_step,19,15,
RVA-00167,RUN-0056,,senior,request_rerun,19,45,
RVA-00168,RUN-0057,,senior,comment,20,22,
RVA-00169,RUN-0057,5,senior,edit,20,37,248
RVA-00170,RUN-0057,,manager,approve,20,102,
RVA-00171,RUN-0058,5,senior,approve,30,19,
RVA-00172,RUN-0058,,manager,approve,30,63,
RVA-00173,RUN-0058,,manager,sign,30,164,
RVA-00174,RUN-0059,3,senior,reject_step,32,37,
RVA-00175,RUN-0060,5,senior,edit,11,98,296
RVA-00176,RUN-0060,,manager,approve,11,154,
RVA-00177,RUN-0060,,manager,sign,11,184,
RVA-00178,RUN-0061,3,senior,reject_step,14,19,
RVA-00179,RUN-0061,3,senior,comment,14,26,
RVA-00180,RUN-0061,,senior,request_rerun,14,31,
RVA-00181,RUN-0062,5,senior,approve,18,17,
RVA-00182,RUN-0062,,manager,approve,18,64,
RVA-00183,RUN-0063,,methodology_reviewer,comment,59,11,
RVA-00184,RUN-0063,5,senior,approve,59,15,
RVA-00185,RUN-0063,,manager,approve,59,87,
RVA-00186,RUN-0063,,manager,sign,59,549,
RVA-00187,RUN-0064,5,senior,edit,77,67,788
RVA-00188,RUN-0064,,manager,approve,77,116,
RVA-00189,RUN-0064,,manager,sign,77,266,
RVA-00190,RUN-0065,5,manager,reject_step,75,25,
RVA-00191,RUN-0065,5,manager,comment,75,35,
RVA-00192,RUN-0066,,methodology_reviewer,comment,18,41,
RVA-00193,RUN-0066,5,senior,edit,18,87,723
RVA-00194,RUN-0066,,manager,approve,18,196,
RVA-00195,RUN-0066,,manager,sign,18,843,
RVA-00196,RUN-0067,3,manager,reject_step,30,2,
RVA-00197,RUN-0067,,manager,request_rerun,30,27,
RVA-00198,RUN-0068,5,senior,comment,31,21,
RVA-00199,RUN-0068,5,senior,edit,31,26,516
RVA-00200,RUN-0068,,manager,approve,31,286,
RVA-00201,RUN-0069,5,senior,reject_step,27,31,
RVA-00202,RUN-0069,,senior,request_rerun,27,39,
RVA-00203,RUN-0070,5,senior,approve,31,21,
RVA-00204,RUN-0070,,manager,approve,31,348,
RVA-00205,RUN-0070,,manager,sign,31,554,
RVA-00206,RUN-0071,2,senior,reject_step,32,24,
RVA-00207,RUN-0071,2,senior,comment,32,26,
RVA-00208,RUN-0071,,senior,request_rerun,32,51,
RVA-00209,RUN-0072,5,senior,edit,33,148,495
RVA-00210,RUN-0072,,manager,approve,33,211,
RVA-00211,RUN-0072,,manager,sign,33,297,
RVA-00212,RUN-0073,2,senior,reject_step,22,83,
RVA-00213,RUN-0073,,senior,request_rerun,22,98,
RVA-00214,RUN-0074,5,senior,edit,26,32,444
RVA-00215,RUN-0074,,manager,approve,26,158,
RVA-00216,RUN-0074,,partner,sign,26,601,
RVA-00217,RUN-0075,5,senior,approve,57,6,
RVA-00218,RUN-0075,,manager,approve,57,309,
RVA-00219,RUN-0075,,partner,sign,57,393,
RVA-00220,RUN-0076,,senior,comment,49,38,
RVA-00221,RUN-0076,5,senior,edit,49,109,283
RVA-00222,RUN-0076,,manager,approve,49,302,
RVA-00223,RUN-0077,3,senior,reject_step,42,9,
RVA-00224,RUN-0078,,senior,comment,28,22,
RVA-00225,RUN-0078,5,senior,approve,28,24,
RVA-00226,RUN-0078,,manager,approve,28,51,
RVA-00227,RUN-0078,,manager,sign,28,366,
RVA-00228,RUN-0079,5,methodology_reviewer,comment,60,63,
RVA-00229,RUN-0079,5,senior,approve,60,69,
RVA-00230,RUN-0079,,manager,approve,60,96,
RVA-00231,RUN-0079,,manager,sign,60,267,
RVA-00232,RUN-0080,1,manager,reject_step,67,27,
RVA-00233,RUN-0080,1,manager,comment,67,32,
RVA-00234,RUN-0080,,manager,request_rerun,67,30,
RVA-00235,RUN-0081,5,senior,edit,71,25,456
RVA-00236,RUN-0081,,manager,approve,71,212,
RVA-00237,RUN-0081,,partner,sign,71,641,
RVA-00238,RUN-0082,,senior,comment,71,9,
RVA-00239,RUN-0082,5,senior,approve,71,17,
RVA-00240,RUN-0082,,manager,approve,71,276,
RVA-00241,RUN-0082,,partner,sign,71,453,
RVA-00242,RUN-0083,5,senior,edit,47,49,389
RVA-00243,RUN-0083,,manager,approve,47,305,
RVA-00244,RUN-0083,,manager,sign,47,519,
RVA-00245,RUN-0084,5,senior,reject_step,59,4,
RVA-00246,RUN-0084,,senior,request_rerun,59,17,
RVA-00247,RUN-0085,5,senior,approve,62,10,
RVA-00248,RUN-0085,,manager,approve,62,135,
RVA-00249,RUN-0086,,methodology_reviewer,comment,65,19,
RVA-00250,RUN-0086,5,senior,edit,65,66,508
RVA-00251,RUN-0086,,manager,approve,65,170,
RVA-00252,RUN-0086,,manager,sign,65,441,
RVA-00253,RUN-0087,5,senior,reject_step,57,9,
RVA-00254,RUN-0087,5,senior,comment,57,17,
RVA-00255,RUN-0087,,senior,request_rerun,57,38,
RVA-00256,RUN-0088,5,methodology_reviewer,comment,58,12,
RVA-00257,RUN-0088,5,senior,approve,58,26,
RVA-00258,RUN-0088,,manager,approve,58,80,
RVA-00259,RUN-0088,,manager,sign,58,286,
RVA-00260,RUN-0089,5,senior,edit,61,28,139
RVA-00261,RUN-0089,,manager,approve,61,215,
RVA-00262,RUN-0089,,manager,sign,61,288,
RVA-00263,RUN-0090,1,senior,reject_step,46,11,
RVA-00264,RUN-0090,,senior,request_rerun,46,27,
RVA-00265,RUN-0091,5,senior,edit,48,24,732
RVA-00266,RUN-0091,,manager,approve,48,43,
RVA-00267,RUN-0091,,partner,sign,48,350,
RVA-00268,RUN-0092,5,senior,approve,47,55,
RVA-00269,RUN-0092,,manager,approve,47,109,
RVA-00270,RUN-0092,,manager,sign,47,256,
RVA-00271,RUN-0093,,methodology_reviewer,comment,51,10,
RVA-00272,RUN-0093,5,senior,edit,51,27,473
RVA-00273,RUN-0093,,manager,approve,51,129,
RVA-00274,RUN-0093,,manager,sign,51,299,
RVA-00275,RUN-0094,5,methodology_reviewer,comment,56,38,
RVA-00276,RUN-0094,5,senior,approve,56,49,
RVA-00277,RUN-0094,,manager,approve,56,130,
RVA-00278,RUN-0094,,manager,sign,56,210,
RVA-00279,RUN-0095,5,manager,reject_step,51,19,
RVA-00280,RUN-0095,5,manager,comment,51,24,
RVA-00281,RUN-0095,,manager,request_rerun,51,40,
RVA-00282,RUN-0096,,methodology_reviewer,comment,52,4,
RVA-00283,RUN-0096,5,senior,edit,52,16,248
RVA-00284,RUN-0096,,manager,approve,52,35,
RVA-00285,RUN-0096,,partner,sign,52,77,
RVA-00286,RUN-0097,5,manager,reject_step,36,19,
RVA-00287,RUN-0097,,manager,request_rerun,36,43,
RVA-00288,RUN-0098,5,senior,edit,37,17,99
RVA-00289,RUN-0098,,manager,approve,37,140,
RVA-00290,RUN-0098,,partner,sign,37,841,
RVA-00291,RUN-0099,3,senior,reject_step,30,9,
RVA-00292,RUN-0099,3,senior,comment,30,19,
RVA-00293,RUN-0099,,senior,request_rerun,30,11,
RVA-00294,RUN-0100,,senior,comment,34,11,
RVA-00295,RUN-0100,5,senior,approve,34,45,
RVA-00296,RUN-0100,,manager,approve,34,276,
RVA-00297,RUN-0100,,manager,sign,34,609,
RVA-00298,RUN-0101,5,methodology_reviewer,comment,42,22,
RVA-00299,RUN-0101,5,senior,approve,42,35,
RVA-00300,RUN-0101,,manager,approve,42,100,
RVA-00301,RUN-0101,,manager,sign,42,205,
RVA-00302,RUN-0102,1,senior,reject_step,57,5,
RVA-00303,RUN-0102,,senior,request_rerun,57,29,
RVA-00304,RUN-0103,5,senior,edit,58,17,458
RVA-00305,RUN-0103,,manager,approve,58,88,
RVA-00306,RUN-0104,5,senior,approve,53,9,
RVA-00307,RUN-0104,,manager,approve,53,70,
RVA-00308,RUN-0105,1,manager,reject_step,82,8,
RVA-00309,RUN-0105,,manager,request_rerun,82,19,
RVA-00310,RUN-0106,,senior,comment,86,14,
RVA-00311,RUN-0106,5,senior,edit,86,45,511
RVA-00312,RUN-0106,,manager,approve,86,105,
RVA-00313,RUN-0107,5,senior,approve,51,42,
RVA-00314,RUN-0107,,manager,approve,51,62,
RVA-00315,RUN-0108,3,manager,reject_step,57,9,
RVA-00316,RUN-0108,,manager,request_rerun,57,35,
RVA-00317,RUN-0109,,senior,comment,61,14,
RVA-00318,RUN-0109,5,senior,edit,61,50,226
RVA-00319,RUN-0109,,manager,approve,61,91,
RVA-00320,RUN-0110,5,senior,approve,64,27,
RVA-00321,RUN-0110,,manager,approve,64,169,
RVA-00322,RUN-0110,,partner,sign,64,375,
RVA-00323,RUN-0111,5,senior,edit,74,30,512
RVA-00324,RUN-0111,,manager,approve,74,235,
RVA-00325,RUN-0111,,manager,sign,74,429,
RVA-00326,RUN-0112,5,manager,reject_step,69,21,
RVA-00327,RUN-0112,5,manager,comment,69,28,
RVA-00328,RUN-0112,,manager,request_rerun,69,43,
RVA-00329,RUN-0113,,senior,comment,73,7,
RVA-00330,RUN-0113,5,senior,approve,73,29,
RVA-00331,RUN-0113,,manager,approve,73,69,
RVA-00332,RUN-0113,,manager,sign,73,430,
RVA-00333,RUN-0114,,senior,comment,58,11,
RVA-00334,RUN-0114,5,senior,edit,58,25,118
RVA-00335,RUN-0114,,manager,approve,58,43,
RVA-00336,RUN-0114,,manager,sign,58,217,
RVA-00337,RUN-0115,5,senior,reject_step,63,20,
RVA-00338,RUN-0115,5,senior,comment,63,25,
RVA-00339,RUN-0116,1,senior,reject_step,54,9,
RVA-00340,RUN-0116,,senior,request_rerun,54,38,
RVA-00341,RUN-0117,5,senior,approve,55,26,
RVA-00342,RUN-0117,,manager,approve,55,262,
RVA-00343,RUN-0117,,manager,sign,55,451,
RVA-00344,RUN-0118,5,methodology_reviewer,comment,45,23,
RVA-00345,RUN-0118,5,senior,edit,45,58,308
RVA-00346,RUN-0118,,manager,approve,45,111,
RVA-00347,RUN-0119,,senior,comment,42,5,
RVA-00348,RUN-0119,5,senior,approve,42,14,
RVA-00349,RUN-0119,,manager,approve,42,77,
RVA-00350,RUN-0120,5,senior,edit,48,23,425
RVA-00351,RUN-0120,,manager,approve,48,61,
RVA-00352,RUN-0120,,manager,sign,48,195,
RVA-00353,RUN-0121,5,senior,edit,38,15,709
RVA-00354,RUN-0121,,manager,approve,38,32,
RVA-00355,RUN-0121,,manager,sign,38,93,
RVA-00356,RUN-0122,5,senior,approve,45,26,
RVA-00357,RUN-0122,,manager,approve,45,59,
RVA-00358,RUN-0122,,manager,sign,45,151,
RVA-00359,RUN-0123,5,senior,reject_step,30,13,
RVA-00360,RUN-0123,5,senior,comment,30,18,
RVA-00361,RUN-0123,,senior,request_rerun,30,37,
RVA-00362,RUN-0124,5,senior,edit,34,23,245
RVA-00363,RUN-0124,,manager,approve,34,221,
RVA-00364,RUN-0124,,partner,sign,34,850,
RVA-00365,RUN-0125,5,senior,reject_step,39,11,
RVA-00366,RUN-0125,,senior,request_rerun,39,25,
RVA-00367,RUN-0126,5,senior,approve,40,24,
RVA-00368,RUN-0126,,manager,approve,40,71,
RVA-00369,RUN-0126,,manager,sign,40,165,
RVA-00370,RUN-0127,3,senior,reject_step,43,7,
RVA-00371,RUN-0127,3,senior,comment,43,11,
RVA-00372,RUN-0127,,senior,request_rerun,43,25,
RVA-00373,RUN-0128,5,senior,edit,45,90,454
RVA-00374,RUN-0128,,manager,approve,45,231,
RVA-00375,RUN-0128,,manager,sign,45,498,
RVA-00376,RUN-0129,5,senior,approve,78,32,
RVA-00377,RUN-0129,,manager,approve,78,98,
RVA-00378,RUN-0129,,partner,sign,78,233,
RVA-00379,RUN-0130,5,manager,reject_step,77,43,
RVA-00380,RUN-0130,5,manager,comment,77,49,
RVA-00381,RUN-0130,,manager,request_rerun,77,49,
RVA-00382,RUN-0131,5,senior,edit,79,53,315
RVA-00383,RUN-0131,,manager,approve,79,119,
RVA-00384,RUN-0131,,manager,sign,79,808,
RVA-00385,RUN-0132,5,senior,approve,79,9,
RVA-00386,RUN-0132,,manager,approve,79,277,
RVA-00387,RUN-0132,,partner,sign,79,369,
RVA-00388,RUN-0133,5,senior,comment,87,5,
RVA-00389,RUN-0133,5,senior,edit,87,74,490
RVA-00390,RUN-0133,,manager,approve,87,237,
RVA-00391,RUN-0134,5,senior,reject_step,80,36,
RVA-00392,RUN-0134,,senior,request_rerun,80,65,
RVA-00393,RUN-0135,,senior,comment,81,6,
RVA-00394,RUN-0135,5,senior,approve,81,27,
RVA-00395,RUN-0135,,manager,approve,81,179,
RVA-00396,RUN-0135,,partner,sign,81,260,
RVA-00397,RUN-0136,5,senior,comment,78,22,
RVA-00398,RUN-0136,5,senior,edit,78,38,539
RVA-00399,RUN-0136,,manager,approve,78,156,
RVA-00400,RUN-0136,,manager,sign,78,809,
RVA-00401,RUN-0137,5,senior,reject_step,73,10,
RVA-00402,RUN-0138,,methodology_reviewer,comment,30,6,
RVA-00403,RUN-0138,5,senior,edit,30,24,457
RVA-00404,RUN-0138,,manager,approve,30,202,
RVA-00405,RUN-0138,,manager,sign,30,589,
RVA-00406,RUN-0139,5,methodology_reviewer,comment,42,42,
RVA-00407,RUN-0139,5,senior,approve,42,69,
RVA-00408,RUN-0139,,manager,approve,42,231,
RVA-00409,RUN-0139,,manager,sign,42,316,
RVA-00410,RUN-0140,5,senior,reject_step,29,8,
RVA-00411,RUN-0141,1,manager,reject_step,38,11,
RVA-00412,RUN-0142,,senior,comment,30,8,
RVA-00413,RUN-0142,5,senior,edit,30,24,259
RVA-00414,RUN-0142,,manager,approve,30,156,
RVA-00415,RUN-0142,,manager,sign,30,377,
RVA-00416,RUN-0143,,methodology_reviewer,comment,36,2,
RVA-00417,RUN-0143,5,senior,approve,36,11,
RVA-00418,RUN-0143,,manager,approve,36,97,
RVA-00419,RUN-0143,,manager,sign,36,509,
RVA-00420,RUN-0144,5,senior,edit,45,24,328
RVA-00421,RUN-0144,,manager,approve,45,73,
RVA-00422,RUN-0144,,partner,sign,45,605,
RVA-00423,RUN-0145,3,senior,reject_step,41,3,
RVA-00424,RUN-0145,3,senior,comment,41,7,
RVA-00425,RUN-0146,,senior,comment,38,29,
RVA-00426,RUN-0146,5,senior,edit,38,35,456
RVA-00427,RUN-0146,,manager,approve,38,121,
RVA-00428,RUN-0146,,manager,sign,38,261,
RVA-00429,RUN-0147,5,manager,reject_step,40,9,
RVA-00430,RUN-0147,5,manager,comment,40,12,
RVA-00431,RUN-0147,,manager,request_rerun,40,29,
RVA-00432,RUN-0148,5,manager,reject_step,42,9,
RVA-00433,RUN-0148,5,manager,comment,42,13,
RVA-00434,RUN-0148,,manager,request_rerun,42,25,
RVA-00435,RUN-0149,5,senior,approve,47,21,
RVA-00436,RUN-0149,,manager,approve,47,98,
RVA-00437,RUN-0150,,senior,comment,47,7,
RVA-00438,RUN-0150,5,senior,edit,47,13,378
RVA-00439,RUN-0150,,manager,approve,47,127,
RVA-00440,RUN-0151,5,senior,reject_step,50,12,
RVA-00441,RUN-0151,,senior,request_rerun,50,14,
RVA-00442,RUN-0152,5,senior,approve,51,48,
RVA-00443,RUN-0152,,manager,approve,51,414,
RVA-00444,RUN-0153,5,senior,comment,53,22,
RVA-00445,RUN-0153,5,senior,edit,53,36,294
RVA-00446,RUN-0153,,manager,approve,53,141,
RVA-00447,RUN-0153,,manager,sign,53,376,
RVA-00448,RUN-0154,5,senior,reject_step,45,11,
RVA-00449,RUN-0154,,senior,request_rerun,45,26,
RVA-00450,RUN-0155,1,manager,reject_step,46,7,
RVA-00451,RUN-0155,1,manager,comment,46,17,
RVA-00452,RUN-0155,,manager,request_rerun,46,25,
RVA-00453,RUN-0156,5,senior,approve,100,27,
RVA-00454,RUN-0156,,manager,approve,100,123,
RVA-00455,RUN-0156,,manager,sign,100,290,
RVA-00456,RUN-0157,5,senior,comment,93,22,
RVA-00457,RUN-0157,5,senior,approve,93,32,
RVA-00458,RUN-0157,,manager,approve,93,56,
RVA-00459,RUN-0157,,partner,sign,93,386,
RVA-00460,RUN-0158,5,senior,edit,46,12,594
RVA-00461,RUN-0158,,manager,approve,46,198,
RVA-00462,RUN-0158,,partner,sign,46,255,
RVA-00463,RUN-0159,5,senior,approve,27,27,
RVA-00464,RUN-0159,,manager,approve,27,75,
RVA-00465,RUN-0159,,manager,sign,27,147,
RVA-00466,RUN-0160,,methodology_reviewer,comment,30,10,
RVA-00467,RUN-0160,5,senior,edit,30,90,253
RVA-00468,RUN-0160,,manager,approve,30,180,
RVA-00469,RUN-0160,,manager,sign,30,1129,
RVA-00470,RUN-0161,5,senior,edit,59,50,539
RVA-00471,RUN-0161,,manager,approve,59,133,
RVA-00472,RUN-0161,,partner,sign,59,202,
RVA-00473,RUN-0162,5,methodology_reviewer,comment,58,20,
RVA-00474,RUN-0162,5,senior,approve,58,28,
RVA-00475,RUN-0162,,manager,approve,58,606,
RVA-00476,RUN-0162,,manager,sign,58,658,
RVA-00477,RUN-0163,5,senior,edit,71,46,455
RVA-00478,RUN-0163,,manager,approve,71,101,
RVA-00479,RUN-0163,,manager,sign,71,595,
RVA-00480,RUN-0164,5,senior,approve,68,23,
RVA-00481,RUN-0164,,manager,approve,68,74,
RVA-00482,RUN-0164,,manager,sign,68,287,
RVA-00483,RUN-0165,5,senior,reject_step,86,9,
RVA-00484,RUN-0165,,senior,request_rerun,86,34,
RVA-00485,RUN-0166,5,senior,edit,87,52,264
RVA-00486,RUN-0166,,manager,approve,87,112,
RVA-00487,RUN-0167,5,senior,approve,74,34,
RVA-00488,RUN-0167,,manager,approve,74,657,
RVA-00489,RUN-0168,2,manager,reject_step,70,22,
RVA-00490,RUN-0168,,manager,request_rerun,70,32,
RVA-00491,RUN-0169,5,senior,comment,73,9,
RVA-00492,RUN-0169,5,senior,edit,73,12,283
RVA-00493,RUN-0169,,manager,approve,73,396,
RVA-00494,RUN-0170,5,senior,approve,64,16,
RVA-00495,RUN-0170,,manager,approve,64,31,
RVA-00496,RUN-0171,2,senior,reject_step,79,12,
RVA-00497,RUN-0171,2,senior,comment,79,21,
RVA-00498,RUN-0171,,senior,request_rerun,79,17,
RVA-00499,RUN-0172,5,senior,edit,80,72,536
RVA-00500,RUN-0172,,manager,approve,80,248,
RVA-00501,RUN-0173,5,senior,approve,79,39,
RVA-00502,RUN-0173,,manager,approve,79,327,
RVA-00503,RUN-0174,5,senior,reject_step,83,37,
RVA-00504,RUN-0174,,senior,request_rerun,83,61,
RVA-00505,RUN-0175,5,senior,edit,85,34,22
RVA-00506,RUN-0175,,manager,approve,85,452,
RVA-00507,RUN-0176,3,senior,reject_step,29,12,
RVA-00508,RUN-0176,3,senior,comment,29,18,
RVA-00509,RUN-0177,5,senior,edit,37,39,335
RVA-00510,RUN-0177,,manager,approve,37,115,
RVA-00511,RUN-0177,,manager,sign,37,368,
RVA-00512,RUN-0178,5,senior,approve,43,25,
RVA-00513,RUN-0178,,manager,approve,43,84,
RVA-00514,RUN-0178,,manager,sign,43,606,
RVA-00515,RUN-0179,2,senior,reject_step,50,12,
RVA-00516,RUN-0179,2,senior,comment,50,18,
RVA-00517,RUN-0180,5,senior,edit,55,46,89
RVA-00518,RUN-0180,,manager,approve,55,77,
RVA-00519,RUN-0180,,partner,sign,55,138,
RVA-00520,RUN-0181,5,senior,approve,61,34,
RVA-00521,RUN-0181,,manager,approve,61,152,
RVA-00522,RUN-0181,,manager,sign,61,196,
RVA-00523,RUN-0182,5,senior,edit,57,57,98
RVA-00524,RUN-0182,,manager,approve,57,542,
RVA-00525,RUN-0182,,partner,sign,58,2343,
RVA-00526,RUN-0183,5,manager,reject_step,68,21,
RVA-00527,RUN-0183,,manager,request_rerun,68,38,
RVA-00528,RUN-0184,5,senior,approve,71,123,
RVA-00529,RUN-0184,,manager,approve,71,265,
RVA-00530,RUN-0185,,senior,comment,47,5,
RVA-00531,RUN-0185,5,senior,edit,47,21,143
RVA-00532,RUN-0185,,manager,approve,47,160,
RVA-00533,RUN-0186,5,manager,reject_step,55,50,
RVA-00534,RUN-0186,5,manager,comment,55,52,
RVA-00535,RUN-0187,5,methodology_reviewer,comment,72,20,
RVA-00536,RUN-0187,5,senior,approve,72,61,
RVA-00537,RUN-0187,,manager,approve,72,79,
RVA-00538,RUN-0188,5,senior,edit,66,61,751
RVA-00539,RUN-0188,,manager,approve,66,627,
RVA-00540,RUN-0189,5,senior,approve,67,31,
RVA-00541,RUN-0189,,manager,approve,67,121,
RVA-00542,RUN-0190,3,senior,reject_step,52,15,
RVA-00543,RUN-0190,3,senior,comment,52,20,
RVA-00544,RUN-0191,,methodology_reviewer,comment,106,11,
RVA-00545,RUN-0191,5,senior,edit,106,15,598
RVA-00546,RUN-0191,,manager,approve,106,67,
RVA-00547,RUN-0191,,partner,sign,106,271,
RVA-00548,RUN-0192,5,senior,edit,79,18,134
RVA-00549,RUN-0192,,manager,approve,79,119,
RVA-00550,RUN-0193,3,senior,reject_step,122,7,
RVA-00551,RUN-0193,,senior,request_rerun,122,29,
RVA-00552,RUN-0194,,senior,comment,125,5,
RVA-00553,RUN-0194,5,senior,approve,125,12,
RVA-00554,RUN-0194,,manager,approve,125,34,
RVA-00555,RUN-0194,,partner,sign,125,331,
RVA-00556,RUN-0195,5,senior,edit,119,31,721
RVA-00557,RUN-0195,,manager,approve,119,62,
RVA-00558,RUN-0195,,manager,sign,119,708,
RVA-00559,RUN-0196,3,manager,reject_step,119,36,
RVA-00560,RUN-0196,3,manager,comment,119,45,
RVA-00561,RUN-0197,,senior,comment,112,4,
RVA-00562,RUN-0197,5,senior,approve,112,12,
RVA-00563,RUN-0197,,manager,approve,112,140,
RVA-00564,RUN-0197,,partner,sign,112,1209,
RVA-00565,RUN-0198,5,senior,comment,112,10,
RVA-00566,RUN-0198,5,senior,edit,112,16,723
RVA-00567,RUN-0198,,manager,approve,112,75,
RVA-00568,RUN-0198,,manager,sign,112,159,
RVA-00569,RUN-0199,1,senior,reject_step,119,10,
RVA-00570,RUN-0199,,senior,request_rerun,119,15,
RVA-00571,RUN-0200,5,senior,approve,123,24,
RVA-00572,RUN-0200,,manager,approve,123,74,
RVA-00573,RUN-0200,,partner,sign,123,278,
RVA-00574,RUN-0201,,senior,comment,104,7,
RVA-00575,RUN-0201,5,senior,approve,104,12,
RVA-00576,RUN-0201,,manager,approve,104,115,
RVA-00577,RUN-0201,,manager,sign,104,208,
RVA-00578,RUN-0202,5,senior,edit,109,31,102
RVA-00579,RUN-0202,,manager,approve,109,44,
RVA-00580,RUN-0202,,manager,sign,109,251,
RVA-00581,RUN-0203,5,senior,comment,116,11,
RVA-00582,RUN-0203,5,senior,approve,116,16,
RVA-00583,RUN-0203,,manager,approve,116,83,
RVA-00584,RUN-0203,,manager,sign,116,327,
RVA-00585,RUN-0204,5,methodology_reviewer,comment,110,5,
RVA-00586,RUN-0204,5,senior,edit,110,26,190
RVA-00587,RUN-0204,,manager,approve,110,72,
RVA-00588,RUN-0204,,manager,sign,110,347,
RVA-00589,RUN-0205,5,senior,comment,113,15,
RVA-00590,RUN-0205,5,senior,approve,113,19,
RVA-00591,RUN-0205,,manager,approve,113,138,
RVA-00592,RUN-0206,5,manager,reject_step,102,13,
RVA-00593,RUN-0206,,manager,request_rerun,102,27,
RVA-00594,RUN-0207,5,senior,edit,103,13,355
RVA-00595,RUN-0207,,manager,approve,103,30,
RVA-00596,RUN-0207,,partner,sign,103,239,
RVA-00597,RUN-0208,5,senior,approve,95,24,
RVA-00598,RUN-0208,,manager,approve,95,261,
RVA-00599,RUN-0208,,manager,sign,95,411,
RVA-00600,RUN-0209,5,senior,approve,105,14,
RVA-00601,RUN-0209,,manager,approve,105,87,
RVA-00602,RUN-0209,,manager,sign,106,1550,
RVA-00603,RUN-0210,5,senior,reject_step,92,14,
RVA-00604,RUN-0210,5,senior,comment,92,16,
RVA-00605,RUN-0210,,senior,request_rerun,92,28,
RVA-00606,RUN-0211,5,senior,comment,96,5,
RVA-00607,RUN-0211,5,senior,edit,96,14,170
RVA-00608,RUN-0211,,manager,approve,96,236,
RVA-00609,RUN-0211,,manager,sign,96,414,
RVA-00610,RUN-0212,,senior,comment,95,3,
RVA-00611,RUN-0212,5,senior,approve,95,12,
RVA-00612,RUN-0212,,manager,approve,95,140,
RVA-00613,RUN-0212,,manager,sign,95,286,
RVA-00614,RUN-0213,5,senior,edit,101,61,393
RVA-00615,RUN-0213,,manager,approve,101,90,
RVA-00616,RUN-0213,,manager,sign,101,191,
RVA-00617,RUN-0214,5,senior,edit,94,111,718
RVA-00618,RUN-0214,,manager,approve,94,214,
RVA-00619,RUN-0215,5,senior,approve,116,28,
RVA-00620,RUN-0215,,manager,approve,116,106,
RVA-00621,RUN-0215,,manager,sign,116,307,
RVA-00622,RUN-0216,3,senior,reject_step,143,17,
RVA-00623,RUN-0216,,senior,request_rerun,143,43,
RVA-00624,RUN-0217,5,senior,approve,145,26,
RVA-00625,RUN-0217,,manager,approve,145,48,
RVA-00626,RUN-0217,,manager,sign,145,191,
RVA-00627,RUN-0218,5,senior,edit,141,21,599
RVA-00628,RUN-0218,,manager,approve,141,212,
RVA-00629,RUN-0218,,manager,sign,141,969,
RVA-00630,RUN-0219,2,senior,reject_step,124,21,
RVA-00631,RUN-0219,2,senior,comment,124,23,
RVA-00632,RUN-0219,,senior,request_rerun,124,39,
RVA-00633,RUN-0220,5,senior,approve,125,19,
RVA-00634,RUN-0220,,manager,approve,125,66,
RVA-00635,RUN-0220,,manager,sign,125,204,
RVA-00636,RUN-0221,5,senior,edit,115,81,773
RVA-00637,RUN-0221,,manager,approve,115,144,
RVA-00638,RUN-0221,,partner,sign,115,380,
RVA-00639,RUN-0222,5,senior,approve,121,14,
RVA-00640,RUN-0222,,manager,approve,121,99,
RVA-00641,RUN-0222,,manager,sign,121,528,
RVA-00642,RUN-0223,5,manager,reject_step,80,16,
RVA-00643,RUN-0223,5,manager,comment,80,18,
RVA-00644,RUN-0223,,manager,request_rerun,80,46,
RVA-00645,RUN-0224,5,senior,approve,83,32,
RVA-00646,RUN-0224,,manager,approve,83,203,
RVA-00647,RUN-0224,,manager,sign,83,438,
RVA-00648,RUN-0225,5,senior,edit,76,28,649
RVA-00649,RUN-0225,,manager,approve,76,172,
RVA-00650,RUN-0226,5,methodology_reviewer,reject_step,96,21,
RVA-00651,RUN-0226,,methodology_reviewer,request_rerun,96,48,
RVA-00652,RUN-0227,2,manager,reject_step,99,34,
RVA-00653,RUN-0227,2,manager,comment,99,38,
RVA-00654,RUN-0228,,senior,comment,103,16,
RVA-00655,RUN-0228,5,senior,approve,103,17,
RVA-00656,RUN-0228,,manager,approve,103,87,
RVA-00657,RUN-0228,,manager,sign,103,336,
RVA-00658,RUN-0229,5,senior,comment,89,7,
RVA-00659,RUN-0229,5,senior,approve,89,12,
RVA-00660,RUN-0229,,manager,approve,89,36,
RVA-00661,RUN-0230,,senior,comment,99,77,
RVA-00662,RUN-0230,5,senior,edit,99,170,755
RVA-00663,RUN-0230,,manager,approve,99,215,
RVA-00664,RUN-0230,,manager,sign,99,300,
RVA-00665,RUN-0231,5,methodology_reviewer,comment,103,8,
RVA-00666,RUN-0231,5,senior,approve,103,16,
RVA-00667,RUN-0231,,manager,approve,103,223,
RVA-00668,RUN-0231,,manager,sign,103,342,
RVA-00669,RUN-0232,5,senior,edit,127,58,386
RVA-00670,RUN-0232,,manager,approve,127,78,
RVA-00671,RUN-0232,,manager,sign,127,433,
RVA-00672,RUN-0233,5,senior,approve,115,30,
RVA-00673,RUN-0233,,manager,approve,115,252,
RVA-00674,RUN-0233,,manager,sign,117,3118,
RVA-00675,RUN-0234,5,senior,edit,119,51,489
RVA-00676,RUN-0234,,manager,approve,119,123,
RVA-00677,RUN-0234,,manager,sign,119,332,
RVA-00678,RUN-0235,5,senior,reject_step,106,8,
RVA-00679,RUN-0235,,senior,request_rerun,106,31,
RVA-00680,RUN-0236,5,senior,approve,107,15,
RVA-00681,RUN-0236,,manager,approve,107,177,
RVA-00682,RUN-0236,,manager,sign,107,415,
RVA-00683,RUN-0237,,senior,comment,122,5,
RVA-00684,RUN-0237,5,senior,edit,122,57,543
RVA-00685,RUN-0237,,manager,approve,122,250,
RVA-00686,RUN-0237,,partner,sign,122,362,
RVA-00687,RUN-0238,,senior,comment,105,13,
RVA-00688,RUN-0238,5,senior,approve,105,17,
RVA-00689,RUN-0238,,manager,approve,105,44,
RVA-00690,RUN-0238,,manager,sign,106,1486,
RVA-00691,RUN-0239,5,methodology_reviewer,comment,123,6,
RVA-00692,RUN-0239,5,senior,approve,123,12,
RVA-00693,RUN-0239,,manager,approve,123,35,
RVA-00694,RUN-0239,,manager,sign,123,312,
RVA-00695,RUN-0240,,senior,comment,119,12,
RVA-00696,RUN-0240,5,senior,edit,119,34,459
RVA-00697,RUN-0240,,manager,approve,119,69,
RVA-00698,RUN-0240,,manager,sign,119,326,
RVA-00699,RUN-0241,5,senior,reject_step,125,5,
RVA-00700,RUN-0241,5,senior,comment,125,12,
RVA-00701,RUN-0242,5,senior,edit,77,63,347
RVA-00702,RUN-0242,,manager,approve,77,137,
RVA-00703,RUN-0242,,manager,sign,77,684,
RVA-00704,RUN-0243,,senior,comment,143,4,
RVA-00705,RUN-0243,5,senior,approve,143,7,
RVA-00706,RUN-0243,,manager,approve,143,40,
RVA-00707,RUN-0243,,manager,sign,143,656,
RVA-00708,RUN-0244,,senior,comment,137,10,
RVA-00709,RUN-0244,5,senior,edit,137,50,341
RVA-00710,RUN-0244,,manager,approve,137,69,
RVA-00711,RUN-0244,,manager,sign,137,344,
RVA-00712,RUN-0245,,senior,comment,133,10,
RVA-00713,RUN-0245,5,senior,approve,133,12,
RVA-00714,RUN-0245,,manager,approve,133,49,
RVA-00715,RUN-0245,,manager,sign,133,562,
RVA-00716,RUN-0246,3,manager,reject_step,123,32,
RVA-00717,RUN-0246,3,manager,comment,123,42,
RVA-00718,RUN-0246,,manager,request_rerun,123,49,
RVA-00719,RUN-0247,5,senior,edit,127,46,635
RVA-00720,RUN-0247,,manager,approve,127,64,
RVA-00721,RUN-0247,,manager,sign,127,165,
RVA-00722,RUN-0248,,senior,comment,126,7,
RVA-00723,RUN-0248,5,senior,approve,126,21,
RVA-00724,RUN-0248,,manager,approve,126,96,
RVA-00725,RUN-0248,,partner,sign,126,334,
RVA-00726,RUN-0249,5,methodology_reviewer,comment,138,13,
RVA-00727,RUN-0249,5,senior,approve,138,33,
RVA-00728,RUN-0249,,manager,approve,138,124,
RVA-00729,RUN-0250,5,senior,edit,141,119,225
RVA-00730,RUN-0250,,manager,approve,141,211,
RVA-00731,RUN-0250,,manager,sign,141,1007,
RVA-00732,RUN-0251,5,manager,reject_step,86,10,
RVA-00733,RUN-0251,,manager,request_rerun,86,40,
RVA-00734,RUN-0252,5,senior,comment,88,25,
RVA-00735,RUN-0252,5,senior,approve,88,30,
RVA-00736,RUN-0252,,manager,approve,88,82,
RVA-00737,RUN-0252,,manager,sign,88,282,
RVA-00738,RUN-0253,1,senior,reject_step,72,5,
RVA-00739,RUN-0253,,senior,request_rerun,72,9,
RVA-00740,RUN-0254,5,senior,edit,76,56,395
RVA-00741,RUN-0254,,manager,approve,76,135,
RVA-00742,RUN-0254,,manager,sign,76,450,
RVA-00743,RUN-0255,5,senior,approve,91,22,
RVA-00744,RUN-0255,,manager,approve,91,60,
RVA-00745,RUN-0255,,partner,sign,91,334,
RVA-00746,RUN-0256,3,manager,reject_step,129,5,
RVA-00747,RUN-0256,,manager,request_rerun,129,26,
RVA-00748,RUN-0257,5,senior,approve,132,14,
RVA-00749,RUN-0257,,manager,approve,132,48,
RVA-00750,RUN-0258,5,senior,approve,155,11,
RVA-00751,RUN-0258,,manager,approve,155,28,
RVA-00752,RUN-0258,,partner,sign,155,518,
RVA-00753,RUN-0259,5,senior,edit,145,89,621
RVA-00754,RUN-0259,,manager,approve,145,164,
RVA-00755,RUN-0259,,manager,sign,145,406,
RVA-00756,RUN-0260,5,senior,approve,144,101,
RVA-00757,RUN-0260,,manager,approve,144,180,
RVA-00758,RUN-0260,,manager,sign,144,299,
RVA-00759,RUN-0261,5,senior,reject_step,112,22,
RVA-00760,RUN-0261,,senior,request_rerun,112,47,
RVA-00761,RUN-0262,5,methodology_reviewer,comment,113,5,
RVA-00762,RUN-0262,5,senior,edit,113,18,651
RVA-00763,RUN-0262,,manager,approve,113,71,
RVA-00764,RUN-0262,,partner,sign,113,208,
RVA-00765,RUN-0263,5,senior,approve,117,12,
RVA-00766,RUN-0263,,manager,approve,117,233,
RVA-00767,RUN-0264,5,senior,edit,96,34,685
RVA-00768,RUN-0264,,manager,approve,96,132,
RVA-00769,RUN-0264,,manager,sign,97,1649,
RVA-00770,RUN-0265,5,senior,approve,107,12,
RVA-00771,RUN-0265,,manager,approve,107,70,
RVA-00772,RUN-0265,,partner,sign,107,679,
RVA-00773,RUN-0266,5,methodology_reviewer,comment,102,10,
RVA-00774,RUN-0266,5,senior,edit,102,45,790
RVA-00775,RUN-0266,,manager,approve,102,76,
RVA-00776,RUN-0267,5,manager,reject_step,93,4,
RVA-00777,RUN-0267,,manager,request_rerun,93,15,
RVA-00778,RUN-0268,5,senior,approve,97,33,
RVA-00779,RUN-0268,,manager,approve,97,125,
RVA-00780,RUN-0268,,manager,sign,97,460,
RVA-00781,RUN-0269,5,senior,reject_step,109,11,
RVA-00782,RUN-0269,5,senior,comment,109,19,
RVA-00783,RUN-0269,,senior,request_rerun,109,14,
RVA-00784,RUN-0270,5,senior,approve,112,16,
RVA-00785,RUN-0270,,manager,approve,112,60,
RVA-00786,RUN-0270,,manager,sign,112,896,
RVA-00787,RUN-0271,5,senior,edit,117,74,497
RVA-00788,RUN-0271,,manager,approve,117,180,
RVA-00789,RUN-0271,,manager,sign,117,809,
RVA-00790,RUN-0272,5,senior,approve,129,12,
RVA-00791,RUN-0272,,manager,approve,129,467,
RVA-00792,RUN-0273,5,senior,edit,126,33,225
RVA-00793,RUN-0273,,manager,approve,126,106,
RVA-00794,RUN-0273,,manager,sign,126,447,
RVA-00795,RUN-0274,,methodology_reviewer,comment,123,18,
RVA-00796,RUN-0274,5,senior,approve,123,28,
RVA-00797,RUN-0274,,manager,approve,123,83,
RVA-00798,RUN-0275,3,senior,reject_step,152,19,
RVA-00799,RUN-0275,3,senior,comment,152,27,
RVA-00800,RUN-0275,,senior,request_rerun,152,44,
RVA-00801,RUN-0276,,senior,comment,153,5,
RVA-00802,RUN-0276,5,senior,approve,153,11,
RVA-00803,RUN-0276,,manager,approve,153,232,
RVA-00804,RUN-0277,5,senior,edit,168,38,798
RVA-00805,RUN-0277,,manager,approve,168,65,
RVA-00806,RUN-0277,,manager,sign,168,217,
RVA-00807,RUN-0278,3,senior,reject_step,164,6,
RVA-00808,RUN-0278,3,senior,comment,164,16,
RVA-00809,RUN-0278,,senior,request_rerun,164,20,
RVA-00810,RUN-0279,5,senior,approve,166,49,
RVA-00811,RUN-0279,,manager,approve,166,255,
RVA-00812,RUN-0279,,partner,sign,166,649,
RVA-00813,RUN-0280,5,senior,approve,164,23,
RVA-00814,RUN-0280,,manager,approve,164,39,
RVA-00815,RUN-0280,,manager,sign,164,245,
RVA-00816,RUN-0281,5,senior,edit,156,29,675
RVA-00817,RUN-0281,,manager,approve,156,129,
RVA-00818,RUN-0281,,manager,sign,156,891,
RVA-00819,RUN-0282,5,senior,approve,173,36,
RVA-00820,RUN-0282,,manager,approve,173,65,
RVA-00821,RUN-0282,,partner,sign,173,286,
RVA-00822,RUN-0283,5,senior,edit,154,34,769
RVA-00823,RUN-0283,,manager,approve,154,57,
RVA-00824,RUN-0283,,partner,sign,154,132,
RVA-00825,RUN-0284,5,senior,edit,153,29,268
RVA-00826,RUN-0284,,manager,approve,153,85,
RVA-00827,RUN-0284,,manager,sign,153,272,
RVA-00828,RUN-0285,5,senior,approve,145,5,
RVA-00829,RUN-0285,,manager,approve,145,26,
RVA-00830,RUN-0285,,manager,sign,145,522,
RVA-00831,RUN-0286,5,senior,reject_step,131,20,
RVA-00832,RUN-0286,,senior,request_rerun,131,24,
RVA-00833,RUN-0287,,senior,comment,135,104,
RVA-00834,RUN-0287,5,senior,edit,135,159,786
RVA-00835,RUN-0287,,manager,approve,135,304,
RVA-00836,RUN-0287,,manager,sign,135,436,
RVA-00837,RUN-0288,5,senior,approve,145,22,
RVA-00838,RUN-0288,,manager,approve,145,85,
RVA-00839,RUN-0288,,manager,sign,145,148,
RVA-00840,RUN-0289,5,senior,edit,129,29,656
RVA-00841,RUN-0289,,manager,approve,129,60,
RVA-00842,RUN-0290,5,senior,approve,126,26,
RVA-00843,RUN-0290,,manager,approve,126,59,
RVA-00844,RUN-0290,,manager,sign,126,619,
RVA-00845,RUN-0291,,methodology_reviewer,comment,155,7,
RVA-00846,RUN-0291,5,senior,approve,155,30,
RVA-00847,RUN-0291,,manager,approve,155,142,
RVA-00848,RUN-0291,,manager,sign,155,341,
RVA-00849,RUN-0292,5,senior,reject_step,156,14,
RVA-00850,RUN-0293,5,senior,approve,168,30,
RVA-00851,RUN-0293,,manager,approve,168,89,
RVA-00852,RUN-0293,,manager,sign,168,188,
RVA-00853,RUN-0294,5,senior,reject_step,124,8,
RVA-00854,RUN-0294,,senior,request_rerun,124,19,
RVA-00855,RUN-0295,5,senior,edit,128,42,798
RVA-00856,RUN-0295,,manager,approve,128,223,
RVA-00857,RUN-0295,,manager,sign,128,534,
RVA-00858,RUN-0296,5,senior,edit,156,100,623
RVA-00859,RUN-0296,,manager,approve,156,159,
RVA-00860,RUN-0296,,manager,sign,156,333,
RVA-00861,RUN-0297,5,senior,approve,142,12,
RVA-00862,RUN-0297,,manager,approve,142,25,
RVA-00863,RUN-0297,,manager,sign,142,275,
RVA-00864,RUN-0298,5,senior,approve,137,13,
RVA-00865,RUN-0298,,manager,approve,137,77,
RVA-00866,RUN-0298,,manager,sign,137,206,
RVA-00867,RUN-0299,5,senior,comment,142,10,
RVA-00868,RUN-0299,5,senior,edit,142,24,634
RVA-00869,RUN-0299,,manager,approve,142,38,
RVA-00870,RUN-0299,,manager,sign,142,181,
RVA-00871,RUN-0300,3,senior,reject_step,147,17,
RVA-00872,RUN-0300,3,senior,comment,147,25,
RVA-00873,RUN-0300,,senior,request_rerun,147,26,
RVA-00874,RUN-0301,5,senior,approve,151,30,
RVA-00875,RUN-0301,,manager,approve,151,70,
RVA-00876,RUN-0301,,partner,sign,151,105,
RVA-00877,RUN-0302,5,senior,edit,152,20,246
RVA-00878,RUN-0302,,manager,approve,152,167,
RVA-00879,RUN-0302,,manager,sign,152,428,
RVA-00880,RUN-0303,5,methodology_reviewer,comment,150,9,
RVA-00881,RUN-0303,5,senior,approve,150,22,
RVA-00882,RUN-0303,,manager,approve,150,195,
RVA-00883,RUN-0303,,manager,sign,150,330,
RVA-00884,RUN-0304,5,senior,reject_step,147,46,
RVA-00885,RUN-0304,,senior,request_rerun,147,64,
RVA-00886,RUN-0305,5,senior,approve,149,9,
RVA-00887,RUN-0305,,manager,approve,149,47,
RVA-00888,RUN-0305,,partner,sign,149,165,
RVA-00889,RUN-0306,,senior,comment,142,18,
RVA-00890,RUN-0306,5,senior,edit,142,27,535
RVA-00891,RUN-0306,,manager,approve,142,47,
RVA-00892,RUN-0306,,partner,sign,142,207,
RVA-00893,RUN-0307,5,senior,approve,142,13,
RVA-00894,RUN-0307,,manager,approve,142,27,
RVA-00895,RUN-0307,,manager,sign,142,250,
RVA-00896,RUN-0308,5,senior,edit,149,50,454
RVA-00897,RUN-0308,,manager,approve,149,131,
RVA-00898,RUN-0308,,partner,sign,149,397,
RVA-00899,RUN-0309,3,senior,reject_step,116,29,
RVA-00900,RUN-0310,5,senior,approve,102,22,
RVA-00901,RUN-0310,,manager,approve,102,68,
RVA-00902,RUN-0310,,manager,sign,102,402,
RVA-00903,RUN-0311,5,senior,comment,121,11,
RVA-00904,RUN-0311,5,senior,edit,121,24,108
RVA-00905,RUN-0311,,manager,approve,121,128,
RVA-00906,RUN-0311,,partner,sign,121,547,
RVA-00907,RUN-0312,5,senior,approve,161,69,
RVA-00908,RUN-0312,,manager,approve,161,74,
RVA-00909,RUN-0312,,partner,sign,161,1369,
RVA-00910,RUN-0313,5,senior,approve,163,36,
RVA-00911,RUN-0313,,manager,approve,163,160,
RVA-00912,RUN-0313,,manager,sign,163,592,
RVA-00913,RUN-0314,5,senior,approve,146,23,
RVA-00914,RUN-0314,,manager,approve,146,268,
RVA-00915,RUN-0315,,senior,comment,161,17,
RVA-00916,RUN-0315,5,senior,edit,161,28,117
RVA-00917,RUN-0315,,manager,approve,161,44,
RVA-00918,RUN-0316,2,methodology_reviewer,reject_step,148,15,
RVA-00919,RUN-0316,,methodology_reviewer,request_rerun,148,42,
RVA-00920,RUN-0317,5,senior,approve,151,18,
RVA-00921,RUN-0317,,manager,approve,151,61,
RVA-00922,RUN-0317,,partner,sign,151,346,
RVA-00923,RUN-0318,5,senior,approve,168,39,
RVA-00924,RUN-0318,,manager,approve,168,85,
RVA-00925,RUN-0318,,partner,sign,168,426,
RVA-00926,RUN-0319,5,senior,edit,118,12,332
RVA-00927,RUN-0319,,manager,approve,118,49,
RVA-00928,RUN-0319,,manager,sign,118,453,
RVA-00929,RUN-0320,5,senior,approve,136,25,
RVA-00930,RUN-0320,,manager,approve,136,91,
RVA-00931,RUN-0320,,manager,sign,136,168,
RVA-00932,RUN-0321,,senior,comment,116,9,
RVA-00933,RUN-0321,5,senior,edit,116,62,659
RVA-00934,RUN-0321,,manager,approve,116,93,
RVA-00935,RUN-0321,,partner,sign,116,407,
RVA-00936,RUN-0322,5,senior,comment,143,5,
RVA-00937,RUN-0322,5,senior,approve,143,28,
RVA-00938,RUN-0322,,manager,approve,143,71,
RVA-00939,RUN-0322,,manager,sign,143,248,
RVA-00940,RUN-0323,2,methodology_reviewer,reject_step,162,21,
RVA-00941,RUN-0323,,methodology_reviewer,request_rerun,162,27,
RVA-00942,RUN-0324,5,senior,approve,163,8,
RVA-00943,RUN-0324,,manager,approve,163,28,
RVA-00944,RUN-0324,,manager,sign,163,137,
RVA-00945,RUN-0325,5,senior,edit,164,61,129
RVA-00946,RUN-0325,,manager,approve,164,293,
RVA-00947,RUN-0325,,manager,sign,164,728,
RVA-00948,RUN-0326,,methodology_reviewer,comment,166,8,
RVA-00949,RUN-0326,5,senior,approve,166,88,
RVA-00950,RUN-0326,,manager,approve,166,112,
RVA-00951,RUN-0326,,manager,sign,166,266,
RVA-00952,RUN-0327,3,senior,reject_step,149,24,
RVA-00953,RUN-0327,,senior,request_rerun,149,42,
RVA-00954,RUN-0328,,methodology_reviewer,comment,151,12,
RVA-00955,RUN-0328,5,senior,edit,151,21,590
RVA-00956,RUN-0328,,manager,approve,151,65,
RVA-00957,RUN-0328,,manager,sign,151,294,
RVA-00958,RUN-0329,5,senior,approve,148,16,
RVA-00959,RUN-0329,,manager,approve,148,92,
RVA-00960,RUN-0329,,partner,sign,148,646,
RVA-00961,RUN-0330,5,senior,approve,157,120,
RVA-00962,RUN-0330,,manager,approve,157,174,
RVA-00963,RUN-0330,,partner,sign,157,321,
RVA-00964,RUN-0331,5,senior,comment,148,48,
RVA-00965,RUN-0331,5,senior,approve,148,52,
RVA-00966,RUN-0331,,manager,approve,148,172,
RVA-00967,RUN-0331,,partner,sign,148,739,
RVA-00968,RUN-0332,5,senior,comment,149,2,
RVA-00969,RUN-0332,5,senior,edit,149,42,139
RVA-00970,RUN-0332,,manager,approve,149,189,
RVA-00971,RUN-0332,,manager,sign,149,437,
RVA-00972,RUN-0333,5,senior,edit,163,63,656
RVA-00973,RUN-0333,,manager,approve,163,271,
RVA-00974,RUN-0333,,manager,sign,163,379,
RVA-00975,RUN-0334,3,senior,reject_step,150,17,
RVA-00976,RUN-0334,,senior,request_rerun,150,46,
RVA-00977,RUN-0335,5,senior,comment,152,4,
RVA-00978,RUN-0335,5,senior,approve,152,10,
RVA-00979,RUN-0335,,manager,approve,152,117,
RVA-00980,RUN-0335,,manager,sign,152,294,
RVA-00981,RUN-0336,5,senior,edit,127,35,174
RVA-00982,RUN-0336,,manager,approve,127,153,
RVA-00983,RUN-0336,,partner,sign,127,535,
RVA-00984,RUN-0337,5,senior,approve,138,16,
RVA-00985,RUN-0337,,manager,approve,138,130,
RVA-00986,RUN-0337,,manager,sign,138,384,
RVA-00987,RUN-0338,5,manager,reject_step,135,19,
RVA-00988,RUN-0339,,senior,comment,152,7,
RVA-00989,RUN-0339,5,senior,edit,152,42,393
RVA-00990,RUN-0339,,manager,approve,152,67,
RVA-00991,RUN-0340,5,senior,comment,136,15,
RVA-00992,RUN-0340,5,senior,approve,136,30,
RVA-00993,RUN-0340,,manager,approve,136,104,
RVA-00994,RUN-0340,,manager,sign,136,344,
RVA-00995,RUN-0341,5,senior,edit,146,33,619
RVA-00996,RUN-0341,,manager,approve,146,218,
RVA-00997,RUN-0341,,manager,sign,146,418,
RVA-00998,RUN-0342,,methodology_reviewer,comment,143,18,
RVA-00999,RUN-0342,5,senior,approve,143,28,
RVA-01000,RUN-0342,,manager,approve,143,81,
RVA-01001,RUN-0342,,partner,sign,143,525,
RVA-01002,RUN-0343,2,senior,reject_step,147,18,
RVA-01003,RUN-0343,2,senior,comment,147,25,
RVA-01004,RUN-0343,,senior,request_rerun,147,46,
RVA-01005,RUN-0344,5,senior,approve,150,15,
RVA-01006,RUN-0344,,manager,approve,150,102,
RVA-01007,RUN-0344,,partner,sign,150,520,
RVA-01008,RUN-0345,5,senior,edit,148,12,452
RVA-01009,RUN-0345,,manager,approve,148,201,
RVA-01010,RUN-0345,,manager,sign,148,969,
RVA-01011,RUN-0346,1,manager,reject_step,145,23,
RVA-01012,RUN-0346,,manager,request_rerun,145,44,
RVA-01013,RUN-0347,5,senior,comment,149,7,
RVA-01014,RUN-0347,5,senior,approve,149,18,
RVA-01015,RUN-0347,,manager,approve,149,66,
RVA-01016,RUN-0347,,partner,sign,149,270,
RVA-01017,RUN-0348,,senior,comment,118,10,
RVA-01018,RUN-0348,5,senior,edit,118,58,552
RVA-01019,RUN-0348,,manager,approve,118,112,
RVA-01020,RUN-0348,,manager,sign,118,362,
RVA-01021,RUN-0349,5,methodology_reviewer,comment,114,14,
RVA-01022,RUN-0349,5,senior,approve,114,22,
RVA-01023,RUN-0349,,manager,approve,114,36,
RVA-01024,RUN-0349,,partner,sign,114,373,
RVA-01025,RUN-0350,1,senior,reject_step,142,6,
RVA-01026,RUN-0351,5,senior,approve,136,26,
RVA-01027,RUN-0351,,manager,approve,136,417,
RVA-01028,RUN-0352,5,senior,edit,128,52,515
RVA-01029,RUN-0352,,manager,approve,128,88,
RVA-01030,RUN-0352,,manager,sign,128,366,
RVA-01031,RUN-0353,5,senior,approve,113,22,
RVA-01032,RUN-0353,,manager,approve,113,83,
RVA-01033,RUN-0353,,manager,sign,113,605,
RVA-01034,RUN-0354,5,senior,edit,121,29,340
RVA-01035,RUN-0354,,manager,approve,121,470,
RVA-01036,RUN-0354,,partner,sign,121,524,
RVA-01037,RUN-0355,3,manager,reject_step,167,39,
RVA-01038,RUN-0355,3,manager,comment,167,44,
RVA-01039,RUN-0355,,manager,request_rerun,167,46,
RVA-01040,RUN-0356,5,senior,approve,170,17,
RVA-01041,RUN-0356,,manager,approve,170,47,
RVA-01042,RUN-0356,,partner,sign,170,559,
RVA-01043,RUN-0357,,senior,comment,189,5,
RVA-01044,RUN-0357,5,senior,approve,189,15,
RVA-01045,RUN-0357,,manager,approve,189,65,
RVA-01046,RUN-0357,,partner,sign,189,304,
RVA-01047,RUN-0358,5,senior,edit,170,30,484
RVA-01048,RUN-0358,,manager,approve,170,79,
RVA-01049,RUN-0358,,manager,sign,170,126,
RVA-01050,RUN-0359,5,senior,edit,185,70,181
RVA-01051,RUN-0359,,manager,approve,185,93,
RVA-01052,RUN-0359,,manager,sign,185,407,
RVA-01053,RUN-0360,5,senior,approve,176,29,
RVA-01054,RUN-0360,,manager,approve,176,137,
RVA-01055,RUN-0360,,manager,sign,176,615,
RVA-01056,RUN-0361,5,senior,approve,178,8,
RVA-01057,RUN-0361,,manager,approve,178,26,
RVA-01058,RUN-0362,5,senior,approve,200,48,
RVA-01059,RUN-0362,,manager,approve,200,157,
RVA-01060,RUN-0362,,manager,sign,200,503,
RVA-01061,RUN-0363,3,senior,reject_step,173,29,
RVA-01062,RUN-0363,,senior,request_rerun,173,45,
RVA-01063,RUN-0364,,senior,comment,174,12,
RVA-01064,RUN-0364,5,senior,approve,174,17,
RVA-01065,RUN-0364,,manager,approve,174,123,
RVA-01066,RUN-0364,,manager,sign,174,426,
RVA-01067,RUN-0365,5,senior,comment,188,19,
RVA-01068,RUN-0365,5,senior,edit,188,57,555
RVA-01069,RUN-0365,,manager,approve,188,111,
RVA-01070,RUN-0365,,manager,sign,188,271,
RVA-01071,RUN-0366,5,senior,approve,207,42,
RVA-01072,RUN-0366,,manager,approve,207,64,
RVA-01073,RUN-0366,,manager,sign,207,213,
RVA-01074,RUN-0367,,methodology_reviewer,comment,177,14,
RVA-01075,RUN-0367,5,senior,edit,177,37,73
RVA-01076,RUN-0367,,manager,approve,177,124,
RVA-01077,RUN-0367,,manager,sign,177,248,
RVA-01078,RUN-0368,5,senior,comment,190,3,
RVA-01079,RUN-0368,5,senior,approve,190,10,
RVA-01080,RUN-0368,,manager,approve,190,110,
RVA-01081,RUN-0369,5,senior,approve,152,92,
RVA-01082,RUN-0369,,manager,approve,152,229,
RVA-01083,RUN-0369,,manager,sign,152,370,
RVA-01084,RUN-0370,5,senior,approve,194,23,
RVA-01085,RUN-0370,,manager,approve,194,64,
RVA-01086,RUN-0370,,manager,sign,194,149,
RVA-01087,RUN-0371,3,senior,reject_step,204,7,
RVA-01088,RUN-0371,,senior,request_rerun,204,28,
RVA-01089,RUN-0372,5,senior,edit,207,59,424
RVA-01090,RUN-0372,,manager,approve,207,88,
RVA-01091,RUN-0372,,manager,sign,207,203,
RVA-01092,RUN-0373,5,senior,approve,196,16,
RVA-01093,RUN-0373,,manager,approve,196,43,
RVA-01094,RUN-0373,,manager,sign,196,1211,
RVA-01095,RUN-0374,5,methodology_reviewer,comment,192,3,
RVA-01096,RUN-0374,5,senior,approve,192,15,
RVA-01097,RUN-0374,,manager,approve,192,585,
RVA-01098,RUN-0374,,manager,sign,192,730,
RVA-01099,RUN-0375,5,methodology_reviewer,comment,182,11,
RVA-01100,RUN-0375,5,senior,edit,182,76,339
RVA-01101,RUN-0375,,manager,approve,182,314,
RVA-01102,RUN-0375,,manager,sign,182,814,
RVA-01103,RUN-0376,5,senior,approve,194,30,
RVA-01104,RUN-0376,,manager,approve,194,77,
RVA-01105,RUN-0376,,manager,sign,194,142,
RVA-01106,RUN-0377,,senior,comment,190,14,
RVA-01107,RUN-0377,5,senior,approve,190,20,
RVA-01108,RUN-0377,,manager,approve,190,28,
RVA-01109,RUN-0378,,senior,comment,151,10,
RVA-01110,RUN-0378,5,senior,edit,151,23,285
RVA-01111,RUN-0378,,manager,approve,151,86,
RVA-01112,RUN-0378,,manager,sign,151,489,
RVA-01113,RUN-0379,5,senior,approve,150,25,
RVA-01114,RUN-0379,,manager,approve,150,225,
RVA-01115,RUN-0379,,manager,sign,150,659,
RVA-01116,RUN-0380,,methodology_reviewer,comment,188,4,
RVA-01117,RUN-0380,5,senior,edit,188,13,327
RVA-01118,RUN-0380,,manager,approve,188,49,
RVA-01119,RUN-0381,3,manager,reject_step,194,14,
RVA-01120,RUN-0381,3,manager,comment,194,24,
RVA-01121,RUN-0381,,manager,request_rerun,194,19,
RVA-01122,RUN-0382,5,senior,approve,195,10,
RVA-01123,RUN-0382,,manager,approve,195,16,
RVA-01124,RUN-0382,,partner,sign,195,381,
RVA-01125,RUN-0383,5,senior,approve,204,60,
RVA-01126,RUN-0383,,manager,approve,204,75,
RVA-01127,RUN-0383,,manager,sign,204,811,
RVA-01128,RUN-0384,5,senior,edit,192,82,427
RVA-01129,RUN-0384,,manager,approve,192,122,
RVA-01130,RUN-0384,,manager,sign,192,477,
RVA-01131,RUN-0385,5,senior,approve,186,52,
RVA-01132,RUN-0385,,manager,approve,186,114,
RVA-01133,RUN-0385,,partner,sign,186,407,
RVA-01134,RUN-0386,5,senior,approve,170,27,
RVA-01135,RUN-0386,,manager,approve,170,98,
RVA-01136,RUN-0386,,manager,sign,170,564,
RVA-01137,RUN-0387,5,senior,edit,172,55,21
RVA-01138,RUN-0387,,manager,approve,172,91,
RVA-01139,RUN-0387,,partner,sign,172,244,
RVA-01140,RUN-0388,5,senior,reject_step,182,23,
RVA-01141,RUN-0388,5,senior,comment,182,28,
RVA-01142,RUN-0389,5,senior,approve,157,22,
RVA-01143,RUN-0389,,manager,approve,157,94,
RVA-01144,RUN-0389,,manager,sign,157,880,
RVA-01145,RUN-0390,5,senior,approve,174,34,
RVA-01146,RUN-0390,,manager,approve,174,156,
RVA-01147,RUN-0390,,manager,sign,174,402,
RVA-01148,RUN-0391,5,senior,edit,156,286,105
RVA-01149,RUN-0391,,manager,approve,156,298,
RVA-01150,RUN-0391,,manager,sign,156,584,
RVA-01151,RUN-0392,5,senior,approve,170,16,
RVA-01152,RUN-0392,,manager,approve,170,175,
RVA-01153,RUN-0392,,partner,sign,170,631,
RVA-01154,RUN-0393,5,senior,edit,154,64,257
RVA-01155,RUN-0393,,manager,approve,154,114,
RVA-01156,RUN-0394,5,senior,approve,169,14,
RVA-01157,RUN-0394,,manager,approve,169,47,
RVA-01158,RUN-0394,,manager,sign,169,245,
RVA-01159,RUN-0395,3,manager,reject_step,157,8,
RVA-01160,RUN-0395,3,manager,comment,157,10,
RVA-01161,RUN-0395,,manager,request_rerun,157,27,
RVA-01162,RUN-0396,5,senior,comment,160,6,
RVA-01163,RUN-0396,5,senior,approve,160,18,
RVA-01164,RUN-0396,,manager,approve,160,102,
RVA-01165,RUN-0396,,manager,sign,160,293,
RVA-01166,RUN-0397,,senior,comment,161,31,
RVA-01167,RUN-0397,5,senior,edit,161,96,316
RVA-01168,RUN-0397,,manager,approve,161,193,
RVA-01169,RUN-0397,,manager,sign,161,451,
RVA-01170,RUN-0398,5,senior,reject_step,170,21,
RVA-01171,RUN-0398,5,senior,comment,170,27,
RVA-01172,RUN-0398,,senior,request_rerun,170,46,
RVA-01173,RUN-0399,5,senior,approve,174,41,
RVA-01174,RUN-0399,,manager,approve,174,135,
RVA-01175,RUN-0399,,manager,sign,174,592,
RVA-01176,RUN-0400,5,senior,approve,156,24,
RVA-01177,RUN-0400,,manager,approve,156,100,
RVA-01178,RUN-0401,5,senior,edit,165,56,94
RVA-01179,RUN-0401,,manager,approve,165,90,
RVA-01180,RUN-0402,5,senior,approve,187,87,
RVA-01181,RUN-0402,,manager,approve,187,226,
RVA-01182,RUN-0402,,manager,sign,187,324,
RVA-01183,RUN-0403,5,senior,comment,187,8,
RVA-01184,RUN-0403,5,senior,approve,187,31,
RVA-01185,RUN-0403,,manager,approve,187,49,
RVA-01186,RUN-0403,,manager,sign,187,553,
RVA-01187,RUN-0404,5,senior,edit,183,243,400
RVA-01188,RUN-0404,,manager,approve,183,293,
RVA-01189,RUN-0404,,manager,sign,183,449,
RVA-01190,RUN-0405,,methodology_reviewer,comment,180,9,
RVA-01191,RUN-0405,5,senior,approve,180,25,
RVA-01192,RUN-0405,,manager,approve,180,106,
RVA-01193,RUN-0405,,manager,sign,180,302,
RVA-01194,RUN-0406,5,senior,edit,200,55,439
RVA-01195,RUN-0406,,manager,approve,200,350,
RVA-01196,RUN-0406,,manager,sign,200,513,
RVA-01197,RUN-0407,5,senior,approve,188,50,
RVA-01198,RUN-0407,,manager,approve,188,59,
RVA-01199,RUN-0407,,manager,sign,188,191,
RVA-01200,RUN-0408,5,senior,comment,190,22,
RVA-01201,RUN-0408,5,senior,approve,190,30,
RVA-01202,RUN-0408,,manager,approve,190,329,
RVA-01203,RUN-0408,,manager,sign,190,493,
RVA-01204,RUN-0409,5,senior,reject_step,196,9,
RVA-01205,RUN-0409,5,senior,comment,196,10,
RVA-01206,RUN-0409,,senior,request_rerun,196,13,
RVA-01207,RUN-0410,5,senior,approve,198,36,
RVA-01208,RUN-0410,,manager,approve,198,306,
RVA-01209,RUN-0410,,manager,sign,198,384,
RVA-01210,RUN-0411,3,senior,reject_step,148,12,
RVA-01211,RUN-0411,,senior,request_rerun,148,22,
RVA-01212,RUN-0412,5,senior,edit,150,16,227
RVA-01213,RUN-0412,,manager,approve,150,120,
RVA-01214,RUN-0412,,manager,sign,150,471,
RVA-01215,RUN-0413,5,senior,edit,167,46,337
RVA-01216,RUN-0413,,manager,approve,167,180,
RVA-01217,RUN-0414,5,senior,comment,155,2,
RVA-01218,RUN-0414,5,senior,approve,155,13,
RVA-01219,RUN-0414,,manager,approve,155,120,
RVA-01220,RUN-0414,,manager,sign,155,306,
RVA-01221,RUN-0415,,senior,comment,222,20,
RVA-01222,RUN-0415,5,senior,approve,222,22,
RVA-01223,RUN-0415,,manager,approve,222,30,
RVA-01224,RUN-0415,,manager,sign,222,435,
RVA-01225,RUN-0416,5,senior,approve,197,16,
RVA-01226,RUN-0416,,manager,approve,197,76,
RVA-01227,RUN-0416,,manager,sign,197,482,
RVA-01228,RUN-0417,5,senior,edit,207,48,800
RVA-01229,RUN-0417,,manager,approve,207,84,
RVA-01230,RUN-0417,,partner,sign,207,270,
RVA-01231,RUN-0418,1,senior,reject_step,206,13,
RVA-01232,RUN-0418,,senior,request_rerun,206,29,
RVA-01233,RUN-0419,5,senior,approve,207,89,
RVA-01234,RUN-0419,,manager,approve,207,131,
RVA-01235,RUN-0419,,partner,sign,207,228,
RVA-01236,RUN-0420,5,senior,edit,224,22,107
RVA-01237,RUN-0420,,manager,approve,224,43,
RVA-01238,RUN-0420,,manager,sign,224,430,
RVA-01239,RUN-0421,5,senior,comment,201,2,
RVA-01240,RUN-0421,5,senior,approve,201,20,
RVA-01241,RUN-0421,,manager,approve,201,67,
RVA-01242,RUN-0421,,partner,sign,201,252,
RVA-01243,RUN-0422,5,senior,comment,203,16,
RVA-01244,RUN-0422,5,senior,edit,203,25,319
RVA-01245,RUN-0422,,manager,approve,203,78,
RVA-01246,RUN-0422,,manager,sign,203,123,
RVA-01247,RUN-0423,,senior,comment,185,44,
RVA-01248,RUN-0423,5,senior,edit,185,60,67
RVA-01249,RUN-0423,,manager,approve,185,144,
RVA-01250,RUN-0423,,manager,sign,185,254,
RVA-01251,RUN-0424,5,senior,approve,204,29,
RVA-01252,RUN-0424,,manager,approve,204,127,
RVA-01253,RUN-0424,,manager,sign,204,315,
RVA-01254,RUN-0425,,methodology_reviewer,comment,194,10,
RVA-01255,RUN-0425,5,senior,approve,194,18,
RVA-01256,RUN-0425,,manager,approve,194,40,
RVA-01257,RUN-0426,5,methodology_reviewer,comment,191,6,
RVA-01258,RUN-0426,5,senior,approve,191,18,
RVA-01259,RUN-0426,,manager,approve,191,94,
RVA-01260,RUN-0426,,manager,sign,191,633,
RVA-01261,RUN-0427,3,senior,reject_step,188,40,
RVA-01262,RUN-0427,3,senior,comment,188,45,
RVA-01263,RUN-0427,,senior,request_rerun,188,69,
RVA-01264,RUN-0428,,senior,comment,191,17,
RVA-01265,RUN-0428,5,senior,edit,191,35,53
RVA-01266,RUN-0428,,manager,approve,191,120,
RVA-01267,RUN-0428,,manager,sign,191,203,
RVA-01268,RUN-0429,5,senior,comment,184,13,
RVA-01269,RUN-0429,5,senior,approve,184,17,
RVA-01270,RUN-0429,,manager,approve,184,26,
RVA-01271,RUN-0429,,partner,sign,184,206,
RVA-01272,RUN-0430,5,senior,approve,172,22,
RVA-01273,RUN-0430,,manager,approve,172,39,
RVA-01274,RUN-0430,,partner,sign,172,204,
RVA-01275,RUN-0431,,senior,comment,170,8,
RVA-01276,RUN-0431,5,senior,edit,170,18,609
RVA-01277,RUN-0431,,manager,approve,170,52,
RVA-01278,RUN-0431,,manager,sign,170,137,
RVA-01279,RUN-0432,5,senior,approve,180,18,
RVA-01280,RUN-0432,,manager,approve,180,33,
RVA-01281,RUN-0432,,partner,sign,180,73,
RVA-01282,RUN-0433,5,senior,approve,196,20,
RVA-01283,RUN-0433,,manager,approve,196,47,
RVA-01284,RUN-0433,,partner,sign,196,597,
RVA-01285,RUN-0434,5,senior,approve,243,29,
RVA-01286,RUN-0434,,manager,approve,243,68,
RVA-01287,RUN-0434,,manager,sign,243,321,
RVA-01288,RUN-0435,3,manager,reject_step,214,29,
RVA-01289,RUN-0436,5,senior,approve,244,45,
RVA-01290,RUN-0436,,manager,approve,244,60,
RVA-01291,RUN-0436,,partner,sign,244,627,
RVA-01292,RUN-0437,5,senior,edit,227,33,308
RVA-01293,RUN-0437,,manager,approve,227,214,
RVA-01294,RUN-0437,,manager,sign,227,572,
RVA-01295,RUN-0438,5,senior,approve,244,8,
RVA-01296,RUN-0438,,manager,approve,244,55,
RVA-01297,RUN-0438,,manager,sign,244,206,
RVA-01298,RUN-0439,5,senior,comment,227,13,
RVA-01299,RUN-0439,5,senior,approve,227,18,
RVA-01300,RUN-0439,,manager,approve,227,55,
RVA-01301,RUN-0439,,partner,sign,227,403,
RVA-01302,RUN-0440,5,senior,edit,216,120,412
RVA-01303,RUN-0440,,manager,approve,216,144,
RVA-01304,RUN-0440,,manager,sign,216,335,
RVA-01305,RUN-0441,5,senior,approve,227,47,
RVA-01306,RUN-0441,,manager,approve,227,65,
RVA-01307,RUN-0441,,manager,sign,227,265,
RVA-01308,RUN-0442,5,senior,comment,221,11,
RVA-01309,RUN-0442,5,senior,approve,221,38,
RVA-01310,RUN-0442,,manager,approve,221,130,
RVA-01311,RUN-0442,,manager,sign,221,683,
RVA-01312,RUN-0443,,senior,comment,220,10,
RVA-01313,RUN-0443,5,senior,approve,220,20,
RVA-01314,RUN-0443,,manager,approve,220,39,
RVA-01315,RUN-0443,,partner,sign,220,294,
RVA-01316,RUN-0444,,methodology_reviewer,comment,217,17,
RVA-01317,RUN-0444,5,senior,edit,217,42,191
RVA-01318,RUN-0444,,manager,approve,217,61,
RVA-01319,RUN-0444,,manager,sign,217,195,
RVA-01320,RUN-0445,5,senior,edit,209,37,585
RVA-01321,RUN-0445,,manager,approve,209,57,
RVA-01322,RUN-0445,,manager,sign,210,2461,
RVA-01323,RUN-0446,3,senior,reject_step,209,8,
RVA-01324,RUN-0446,,senior,request_rerun,209,16,
RVA-01325,RUN-0447,5,senior,approve,210,70,
RVA-01326,RUN-0447,,manager,approve,210,96,
RVA-01327,RUN-0447,,manager,sign,210,199,
RVA-01328,RUN-0448,5,senior,approve,199,22,
RVA-01329,RUN-0448,,manager,approve,199,38,
RVA-01330,RUN-0448,,manager,sign,199,251,
RVA-01331,RUN-0449,5,senior,approve,203,10,
RVA-01332,RUN-0449,,manager,approve,203,141,
RVA-01333,RUN-0449,,manager,sign,203,241,
RVA-01334,RUN-0450,5,senior,edit,204,163,545
RVA-01335,RUN-0450,,manager,approve,204,210,
RVA-01336,RUN-0451,1,manager,reject_step,213,56,
RVA-01337,RUN-0451,1,manager,comment,213,58,
RVA-01338,RUN-0451,,manager,request_rerun,213,60,
RVA-01339,RUN-0452,5,senior,comment,216,17,
RVA-01340,RUN-0452,5,senior,approve,216,50,
RVA-01341,RUN-0452,,manager,approve,216,209,
RVA-01342,RUN-0452,,manager,sign,216,363,
RVA-01343,RUN-0453,1,senior,reject_step,214,9,
RVA-01344,RUN-0453,1,senior,comment,214,10,
RVA-01345,RUN-0454,5,senior,approve,210,14,
RVA-01346,RUN-0454,,manager,approve,210,94,
RVA-01347,RUN-0454,,manager,sign,210,435,
RVA-01348,RUN-0455,5,senior,edit,233,35,773
RVA-01349,RUN-0455,,manager,approve,233,124,
RVA-01350,RUN-0455,,manager,sign,233,258,
RVA-01351,RUN-0456,5,senior,approve,232,28,
RVA-01352,RUN-0456,,manager,approve,232,76,
RVA-01353,RUN-0456,,manager,sign,232,146,
RVA-01354,RUN-0457,5,senior,approve,245,53,
RVA-01355,RUN-0457,,manager,approve,245,99,
RVA-01356,RUN-0457,,partner,sign,245,1078,
RVA-01357,RUN-0458,5,senior,edit,239,69,409
RVA-01358,RUN-0458,,manager,approve,239,134,
RVA-01359,RUN-0458,,manager,sign,239,245,
RVA-01360,RUN-0459,5,methodology_reviewer,comment,242,14,
RVA-01361,RUN-0459,5,senior,approve,242,21,
RVA-01362,RUN-0459,,manager,approve,242,45,
RVA-01363,RUN-0459,,partner,sign,242,332,
RVA-01364,RUN-0460,5,senior,approve,243,24,
RVA-01365,RUN-0460,,manager,approve,243,45,
RVA-01366,RUN-0460,,manager,sign,243,241,
RVA-01367,RUN-0461,1,senior,reject_step,237,7,
RVA-01368,RUN-0461,1,senior,comment,237,17,
RVA-01369,RUN-0462,,senior,comment,233,9,
RVA-01370,RUN-0462,5,senior,approve,233,13,
RVA-01371,RUN-0462,,manager,approve,233,98,
RVA-01372,RUN-0463,5,senior,edit,224,27,565
RVA-01373,RUN-0463,,manager,approve,224,369,
RVA-01374,RUN-0463,,partner,sign,224,548,
RVA-01375,RUN-0464,5,senior,approve,193,10,
RVA-01376,RUN-0464,,manager,approve,193,38,
RVA-01377,RUN-0464,,manager,sign,193,306,
RVA-01378,RUN-0465,5,senior,approve,184,11,
RVA-01379,RUN-0465,,manager,approve,184,28,
RVA-01380,RUN-0465,,manager,sign,184,351,
RVA-01381,RUN-0466,5,senior,comment,182,4,
RVA-01382,RUN-0466,5,senior,edit,182,8,84
RVA-01383,RUN-0466,,manager,approve,182,68,
RVA-01384,RUN-0466,,manager,sign,182,221,
RVA-01385,RUN-0467,5,senior,reject_step,188,9,
RVA-01386,RUN-0467,5,senior,comment,188,12,
RVA-01387,RUN-0468,5,senior,approve,194,120,
RVA-01388,RUN-0468,,manager,approve,194,163,
RVA-01389,RUN-0468,,partner,sign,194,569,
RVA-01390,RUN-0469,5,senior,approve,201,16,
RVA-01391,RUN-0469,,manager,approve,201,58,
RVA-01392,RUN-0469,,manager,sign,201,528,
RVA-01393,RUN-0470,5,senior,edit,185,40,774
RVA-01394,RUN-0470,,manager,approve,185,51,
RVA-01395,RUN-0471,1,manager,reject_step,190,27,
RVA-01396,RUN-0471,1,manager,comment,190,35,
RVA-01397,RUN-0472,5,senior,comment,214,7,
RVA-01398,RUN-0472,5,senior,approve,214,13,
RVA-01399,RUN-0472,,manager,approve,214,84,
RVA-01400,RUN-0472,,manager,sign,214,359,
RVA-01401,RUN-0473,5,senior,approve,220,22,
RVA-01402,RUN-0473,,manager,approve,220,88,
RVA-01403,RUN-0473,,manager,sign,220,1191,
RVA-01404,RUN-0474,5,senior,comment,207,8,
RVA-01405,RUN-0474,5,senior,approve,207,10,
RVA-01406,RUN-0474,,manager,approve,207,18,
RVA-01407,RUN-0474,,partner,sign,207,270,
RVA-01408,RUN-0475,5,senior,edit,218,14,332
RVA-01409,RUN-0475,,manager,approve,218,31,
RVA-01410,RUN-0475,,partner,sign,218,277,
RVA-01411,RUN-0476,5,senior,approve,203,35,
RVA-01412,RUN-0476,,manager,approve,203,69,
RVA-01413,RUN-0476,,manager,sign,203,253,
RVA-01414,RUN-0477,5,senior,edit,176,53,356
RVA-01415,RUN-0477,,manager,approve,176,60,
RVA-01416,RUN-0477,,manager,sign,176,398,
RVA-01417,RUN-0478,5,senior,approve,225,70,
RVA-01418,RUN-0478,,manager,approve,225,88,
RVA-01419,RUN-0478,,manager,sign,225,336,
RVA-01420,RUN-0479,5,senior,approve,233,22,
RVA-01421,RUN-0479,,manager,approve,233,150,
RVA-01422,RUN-0479,,manager,sign,233,696,
RVA-01423,RUN-0480,5,senior,edit,228,76,80
RVA-01424,RUN-0480,,manager,approve,228,123,
RVA-01425,RUN-0480,,manager,sign,228,240,
RVA-01426,RUN-0481,5,senior,comment,242,24,
RVA-01427,RUN-0481,5,senior,approve,242,54,
RVA-01428,RUN-0481,,manager,approve,242,82,
RVA-01429,RUN-0481,,partner,sign,242,539,
RVA-01430,RUN-0482,5,senior,approve,228,11,
RVA-01431,RUN-0482,,manager,approve,228,24,
RVA-01432,RUN-0482,,manager,sign,228,92,
RVA-01433,RUN-0483,,methodology_reviewer,comment,189,26,
RVA-01434,RUN-0483,5,senior,approve,189,38,
RVA-01435,RUN-0483,,manager,approve,189,104,
RVA-01436,RUN-0483,,partner,sign,189,826,
RVA-01437,RUN-0484,5,senior,comment,196,49,
RVA-01438,RUN-0484,5,senior,edit,196,83,699
RVA-01439,RUN-0484,,manager,approve,196,127,
RVA-01440,RUN-0484,,manager,sign,197,2438,
RVA-01441,RUN-0485,,senior,comment,183,23,
RVA-01442,RUN-0485,5,senior,approve,183,25,
RVA-01443,RUN-0485,,manager,approve,183,49,
RVA-01444,RUN-0485,,partner,sign,183,640,
RVA-01445,RUN-0486,5,senior,approve,182,18,
RVA-01446,RUN-0486,,manager,approve,182,132,
RVA-01447,RUN-0486,,partner,sign,182,395,
RVA-01448,RUN-0487,5,senior,edit,192,79,189
RVA-01449,RUN-0487,,manager,approve,192,105,
RVA-01450,RUN-0487,,manager,sign,192,694,
RVA-01451,RUN-0488,5,senior,approve,183,17,
RVA-01452,RUN-0488,,manager,approve,183,84,
RVA-01453,RUN-0488,,manager,sign,183,339,
RVA-01454,RUN-0489,2,senior,reject_step,196,36,
RVA-01455,RUN-0489,,senior,request_rerun,196,43,
RVA-01456,RUN-0490,5,senior,approve,197,52,
RVA-01457,RUN-0490,,manager,approve,197,301,
RVA-01458,RUN-0490,,manager,sign,197,578,
RVA-01459,RUN-0491,5,senior,edit,213,85,787
RVA-01460,RUN-0491,,manager,approve,213,223,
RVA-01461,RUN-0491,,manager,sign,213,440,
RVA-01462,RUN-0492,5,senior,comment,222,18,
RVA-01463,RUN-0492,5,senior,approve,222,26,
RVA-01464,RUN-0492,,manager,approve,222,48,
RVA-01465,RUN-0492,,partner,sign,222,154,
RVA-01466,RUN-0493,1,senior,reject_step,178,7,
RVA-01467,RUN-0493,1,senior,comment,178,17,
RVA-01468,RUN-0494,5,senior,edit,176,29,268
RVA-01469,RUN-0494,,manager,approve,176,76,
RVA-01470,RUN-0494,,manager,sign,176,305,
RVA-01471,RUN-0495,,methodology_reviewer,comment,177,74,
RVA-01472,RUN-0495,5,senior,approve,177,78,
RVA-01473,RUN-0495,,manager,approve,177,98,
RVA-01474,RUN-0495,,manager,sign,177,360,
RVA-01475,RUN-0496,5,senior,approve,239,16,
RVA-01476,RUN-0496,,manager,approve,239,51,
RVA-01477,RUN-0497,5,senior,approve,223,32,
RVA-01478,RUN-0497,,manager,approve,223,57,
RVA-01479,RUN-0497,,partner,sign,223,232,
RVA-01480,RUN-0498,5,senior,edit,234,16,31
RVA-01481,RUN-0498,,manager,approve,234,119,
RVA-01482,RUN-0498,,partner,sign,234,741,
RVA-01483,RUN-0499,,senior,comment,225,6,
RVA-01484,RUN-0499,5,senior,approve,225,9,
RVA-01485,RUN-0499,,manager,approve,225,236,
RVA-01486,RUN-0499,,manager,sign,225,1280,
RVA-01487,RUN-0500,5,senior,approve,244,14,
RVA-01488,RUN-0500,,manager,approve,244,57,
RVA-01489,RUN-0500,,manager,sign,244,331,
RVA-01490,RUN-0501,5,senior,edit,236,21,673
RVA-01491,RUN-0501,,manager,approve,236,63,
RVA-01492,RUN-0501,,manager,sign,236,276,
RVA-01493,RUN-0502,3,senior,reject_step,240,7,
RVA-01494,RUN-0503,5,senior,approve,235,44,
RVA-01495,RUN-0503,,manager,approve,235,176,
RVA-01496,RUN-0503,,manager,sign,235,405,
RVA-01497,RUN-0504,5,senior,approve,228,16,
RVA-01498,RUN-0504,,manager,approve,228,56,
RVA-01499,RUN-0504,,manager,sign,228,207,
RVA-01500,RUN-0505,5,senior,approve,234,26,
RVA-01501,RUN-0505,,manager,approve,234,31,
RVA-01502,RUN-0506,5,senior,approve,200,19,
RVA-01503,RUN-0506,,manager,approve,200,75,
RVA-01504,RUN-0506,,manager,sign,200,463,
RVA-01505,RUN-0507,5,senior,comment,218,18,
RVA-01506,RUN-0507,5,senior,edit,218,57,592
RVA-01507,RUN-0507,,manager,approve,218,81,
RVA-01508,RUN-0508,5,methodology_reviewer,comment,218,5,
RVA-01509,RUN-0508,5,senior,approve,218,11,
RVA-01510,RUN-0508,,manager,approve,218,104,
RVA-01511,RUN-0508,,partner,sign,218,134,
RVA-01512,RUN-0509,,senior,comment,230,6,
RVA-01513,RUN-0509,5,senior,approve,230,12,
RVA-01514,RUN-0509,,manager,approve,230,41,
RVA-01515,RUN-0509,,manager,sign,230,404,
RVA-01516,RUN-0510,5,senior,edit,213,30,414
RVA-01517,RUN-0510,,manager,approve,213,81,
RVA-01518,RUN-0510,,manager,sign,213,845,
RVA-01519,RUN-0511,5,senior,approve,211,18,
RVA-01520,RUN-0511,,manager,approve,211,53,
RVA-01521,RUN-0511,,partner,sign,211,460,
RVA-01522,RUN-0512,5,senior,comment,209,43,
RVA-01523,RUN-0512,5,senior,edit,209,54,491
RVA-01524,RUN-0512,,manager,approve,209,64,
RVA-01525,RUN-0512,,manager,sign,209,326,
RVA-01526,RUN-0513,5,senior,approve,233,29,
RVA-01527,RUN-0513,,manager,approve,233,90,
RVA-01528,RUN-0513,,partner,sign,233,1011,
RVA-01529,RUN-0514,,methodology_reviewer,comment,245,21,
RVA-01530,RUN-0514,5,senior,edit,245,43,243
RVA-01531,RUN-0514,,manager,approve,245,109,
RVA-01532,RUN-0514,,manager,sign,245,353,
RVA-01533,RUN-0515,5,senior,comment,246,12,
RVA-01534,RUN-0515,5,senior,approve,246,45,
RVA-01535,RUN-0515,,manager,approve,246,63,
RVA-01536,RUN-0515,,partner,sign,246,529,
RVA-01537,RUN-0516,5,senior,approve,255,11,
RVA-01538,RUN-0516,,manager,approve,255,44,
RVA-01539,RUN-0516,,partner,sign,255,189,
RVA-01540,RUN-0517,5,senior,edit,252,94,341
RVA-01541,RUN-0517,,manager,approve,252,114,
RVA-01542,RUN-0517,,partner,sign,252,867,
RVA-01543,RUN-0518,5,senior,approve,242,15,
RVA-01544,RUN-0518,,manager,approve,242,61,
RVA-01545,RUN-0518,,manager,sign,242,204,
RVA-01546,RUN-0519,5,manager,reject_step,251,20,
RVA-01547,RUN-0520,5,senior,approve,255,17,
RVA-01548,RUN-0520,,manager,approve,255,37,
RVA-01549,RUN-0520,,manager,sign,255,314,
RVA-01550,RUN-0521,5,senior,comment,234,8,
RVA-01551,RUN-0521,5,senior,approve,234,20,
RVA-01552,RUN-0521,,manager,approve,234,54,
RVA-01553,RUN-0521,,partner,sign,234,959,
RVA-01554,RUN-0522,5,senior,edit,235,60,23
RVA-01555,RUN-0522,,manager,approve,235,170,
RVA-01556,RUN-0522,,manager,sign,235,342,
RVA-01557,RUN-0523,5,senior,approve,214,24,
RVA-01558,RUN-0523,,manager,approve,214,101,
RVA-01559,RUN-0523,,partner,sign,214,282,
RVA-01560,RUN-0524,5,senior,approve,223,5,
RVA-01561,RUN-0524,,manager,approve,223,50,
RVA-01562,RUN-0524,,partner,sign,223,385,
RVA-01563,RUN-0525,5,senior,edit,227,83,365
RVA-01564,RUN-0525,,manager,approve,227,117,
RVA-01565,RUN-0525,,manager,sign,227,479,
RVA-01566,RUN-0526,5,senior,approve,263,44,
RVA-01567,RUN-0526,,manager,approve,263,79,
RVA-01568,RUN-0527,5,senior,approve,254,30,
RVA-01569,RUN-0527,,manager,approve,254,162,
RVA-01570,RUN-0529,5,senior,edit,264,55,90
RVA-01571,RUN-0529,,manager,approve,264,62,
RVA-01572,RUN-0530,5,senior,approve,264,43,
RVA-01573,RUN-0530,,manager,approve,264,105,
RVA-01574,RUN-0531,5,manager,reject_step,259,54,
RVA-01575,RUN-0531,5,manager,comment,259,59,
RVA-01576,RUN-0531,,manager,request_rerun,259,56,
RVA-01577,RUN-0532,5,senior,approve,260,40,
RVA-01578,RUN-0532,,manager,approve,260,94,
RVA-01579,RUN-0533,5,senior,approve,234,86,
RVA-01580,RUN-0533,,manager,approve,234,106,
RVA-01581,RUN-0533,,manager,sign,234,508,
RVA-01582,RUN-0534,5,senior,comment,226,7,
RVA-01583,RUN-0534,5,senior,edit,226,16,438
RVA-01584,RUN-0534,,manager,approve,226,86,
RVA-01585,RUN-0535,5,senior,comment,232,21,
RVA-01586,RUN-0535,5,senior,approve,232,33,
RVA-01587,RUN-0535,,manager,approve,232,92,
RVA-01588,RUN-0535,,manager,sign,232,222,
RVA-01589,RUN-0536,5,senior,comment,214,11,
RVA-01590,RUN-0536,5,senior,approve,214,16,
RVA-01591,RUN-0536,,manager,approve,214,60,
RVA-01592,RUN-0537,5,senior,edit,223,48,738
RVA-01593,RUN-0537,,manager,approve,223,97,
RVA-01594,RUN-0538,5,senior,approve,218,22,
RVA-01595,RUN-0538,,manager,approve,218,103,
RVA-01596,RUN-0538,,partner,sign,218,249,
RVA-01597,RUN-0539,5,senior,comment,232,32,
RVA-01598,RUN-0539,5,senior,approve,232,34,
RVA-01599,RUN-0539,,manager,approve,232,55,
RVA-01600,RUN-0539,,partner,sign,232,266,
RVA-01601,RUN-0540,5,senior,edit,249,15,136
RVA-01602,RUN-0540,,manager,approve,249,26,
RVA-01603,RUN-0541,5,senior,approve,232,43,
RVA-01604,RUN-0541,,manager,approve,232,71,
RVA-01605,RUN-0542,5,senior,approve,238,74,
RVA-01606,RUN-0542,,manager,approve,238,107,
RVA-01607,RUN-0543,5,senior,reject_step,252,14,
RVA-01608,RUN-0543,5,senior,comment,252,23,
RVA-01609,RUN-0543,,senior,request_rerun,252,44,
RVA-01610,RUN-0544,5,senior,approve,254,9,
RVA-01611,RUN-0544,,manager,approve,254,23,
RVA-01612,RUN-0545,,senior,comment,234,6,
RVA-01613,RUN-0545,5,senior,edit,234,70,543
RVA-01614,RUN-0545,,manager,approve,234,82,
RVA-01615,RUN-0545,,manager,sign,234,175,
RVA-01616,RUN-0546,5,senior,comment,234,10,
RVA-01617,RUN-0546,5,senior,approve,234,34,
RVA-01618,RUN-0546,,manager,approve,234,71,
RVA-01619,RUN-0546,,partner,sign,234,517,
RVA-01620,RUN-0547,5,senior,comment,224,21,
RVA-01621,RUN-0547,5,senior,approve,224,43,
RVA-01622,RUN-0547,,manager,approve,224,62,
RVA-01623,RUN-0548,,senior,comment,210,13,
RVA-01624,RUN-0548,5,senior,edit,210,24,639
RVA-01625,RUN-0548,,manager,approve,210,38,
RVA-01626,RUN-0548,,partner,sign,210,838,
RVA-01627,RUN-0549,5,senior,approve,212,16,
RVA-01628,RUN-0549,,manager,approve,212,21,
RVA-01629,RUN-0550,5,methodology_reviewer,comment,254,4,
RVA-01630,RUN-0550,5,senior,approve,254,7,
RVA-01631,RUN-0550,,manager,approve,254,32,
RVA-01632,RUN-0550,,manager,sign,254,304,
RVA-01633,RUN-0551,5,senior,edit,240,13,768
RVA-01634,RUN-0551,,manager,approve,240,76,
RVA-01635,RUN-0551,,manager,sign,241,1598,
RVA-01636,RUN-0552,5,senior,approve,251,43,
RVA-01637,RUN-0552,,manager,approve,251,79,
RVA-01638,RUN-0552,,manager,sign,251,487,
RVA-01639,RUN-0553,5,senior,approve,246,44,
RVA-01640,RUN-0553,,manager,approve,246,69,
RVA-01641,RUN-0553,,partner,sign,246,246,
RVA-01642,RUN-0554,3,senior,reject_step,246,12,
RVA-01643,RUN-0554,3,senior,comment,246,21,
RVA-01644,RUN-0555,5,senior,approve,259,15,
RVA-01645,RUN-0555,,manager,approve,259,31,
RVA-01646,RUN-0555,,manager,sign,259,302,
RVA-01647,RUN-0556,,senior,comment,249,65,
RVA-01648,RUN-0556,5,senior,edit,249,90,125
RVA-01649,RUN-0556,,manager,approve,249,138,
RVA-01650,RUN-0556,,partner,sign,249,471,
RVA-01651,RUN-0557,5,senior,approve,263,35,
RVA-01652,RUN-0557,,manager,approve,263,171,
RVA-01653,RUN-0557,,manager,sign,263,368,
RVA-01654,RUN-0558,5,senior,edit,247,28,63
RVA-01655,RUN-0558,,manager,approve,247,319,
RVA-01656,RUN-0558,,manager,sign,248,1454,
RVA-01657,RUN-0559,,senior,comment,253,11,
RVA-01658,RUN-0559,5,senior,approve,253,17,
RVA-01659,RUN-0559,,manager,approve,253,100,
RVA-01660,RUN-0559,,manager,sign,253,753,
RVA-01661,RUN-0560,5,senior,comment,264,62,
RVA-01662,RUN-0561,5,senior,approve,256,24,
RVA-01663,RUN-0561,,manager,approve,256,158,
RVA-01664,RUN-0561,,partner,sign,256,359,
RVA-01665,RUN-0562,5,senior,approve,240,33,
RVA-01666,RUN-0562,,manager,approve,240,90,
RVA-01667,RUN-0562,,manager,sign,240,242,
RVA-01668,RUN-0563,5,senior,approve,227,29,
RVA-01669,RUN-0563,,manager,approve,227,34,
RVA-01670,RUN-0563,,manager,sign,227,258,
RVA-01671,RUN-0564,5,senior,edit,210,23,646
RVA-01672,RUN-0564,,manager,approve,210,470,
RVA-01673,RUN-0564,,partner,sign,210,617,
RVA-01674,RUN-0565,5,senior,approve,225,31,
RVA-01675,RUN-0565,,manager,approve,225,265,
RVA-01676,RUN-0568,3,manager,reject_step,254,20,
RVA-01677,RUN-0568,3,manager,comment,254,27,
RVA-01678,RUN-0569,5,methodology_reviewer,comment,266,8,
RVA-01679,RUN-0569,5,senior,approve,266,35,
RVA-01680,RUN-0569,,manager,approve,266,75,
RVA-01681,RUN-0571,5,senior,edit,247,71,408
RVA-01682,RUN-0571,,manager,approve,247,109,
RVA-01683,RUN-0572,5,senior,approve,254,10,
RVA-01684,RUN-0572,,manager,approve,254,50,
RVA-01685,RUN-0573,5,senior,approve,253,19,
RVA-01686,RUN-0573,,manager,approve,253,37,
RVA-01687,RUN-0573,,manager,sign,253,351,
RVA-01688,RUN-0574,5,senior,edit,253,116,687
RVA-01689,RUN-0574,,manager,approve,253,220,
RVA-01690,RUN-0574,,partner,sign,253,457,
RVA-01691,RUN-0575,5,senior,approve,245,76,
RVA-01692,RUN-0575,,manager,approve,245,96,
RVA-01693,RUN-0575,,manager,sign,245,159,
RVA-01694,RUN-0578,5,senior,comment,262,5,
RVA-01695,RUN-0578,5,senior,approve,262,12,
RVA-01696,RUN-0578,,manager,approve,262,19,
RVA-01697,RUN-0579,5,senior,approve,256,18,
RVA-01698,RUN-0579,,manager,approve,256,44,
RVA-01699,RUN-0580,5,senior,edit,248,31,777
RVA-01700,RUN-0580,,manager,approve,248,60,
RVA-01701,RUN-0580,,partner,sign,248,744,
RVA-01702,RUN-0581,,senior,comment,247,29,
RVA-01703,RUN-0581,5,senior,approve,247,57,
RVA-01704,RUN-0581,,manager,approve,247,128,
RVA-01705,RUN-0581,,partner,sign,247,608,
RVA-01706,RUN-0582,5,senior,reject_step,250,7,
RVA-01707,RUN-0582,5,senior,comment,250,10,
RVA-01708,RUN-0583,5,senior,approve,253,24,
RVA-01709,RUN-0583,,manager,approve,253,63,
RVA-01710,RUN-0584,5,senior,edit,242,24,296
RVA-01711,RUN-0584,,manager,approve,242,53,
RVA-01712,RUN-0585,5,senior,approve,241,28,
RVA-01713,RUN-0585,,manager,approve,241,172,
RVA-01714,RUN-0586,5,senior,approve,243,12,
RVA-01715,RUN-0586,,manager,approve,243,46,
RVA-01716,RUN-0587,5,senior,approve,257,14,
RVA-01717,RUN-0587,,manager,approve,257,31,
RVA-01718,RUN-0588,,senior,comment,232,19,
RVA-01719,RUN-0588,5,senior,edit,232,42,569
RVA-01720,RUN-0588,,manager,approve,232,68,
RVA-01721,RUN-0590,5,senior,comment,261,21,
RVA-01722,RUN-0591,,senior,comment,255,11,
RVA-01723,RUN-0591,5,senior,approve,255,20,
RVA-01724,RUN-0591,,manager,approve,255,46,
RVA-01725,RUN-0592,1,senior,comment,270,9,
RVA-01726,RUN-0593,5,senior,approve,266,16,
RVA-01727,RUN-0593,,manager,approve,266,211,
RVA-01728,RUN-0594,5,senior,edit,251,28,186
RVA-01729,RUN-0594,,manager,approve,251,41,
RVA-01730,RUN-0595,5,senior,approve,257,30,
RVA-01731,RUN-0595,,manager,approve,257,94,
RVA-01732,RUN-0597,3,senior,reject_step,264,10,
RVA-01733,RUN-0602,1,manager,reject_step,265,13,
RVA-01734,RUN-0602,1,manager,comment,265,23,
RVA-01735,RUN-0603,5,senior,approve,248,45,
RVA-01736,RUN-0603,,manager,approve,248,68,
RVA-01737,RUN-0603,,manager,sign,248,326,
RVA-01738,RUN-0604,5,senior,approve,243,37,
RVA-01739,RUN-0604,,manager,approve,243,127,
RVA-01740,RUN-0605,5,senior,edit,258,22,249
RVA-01741,RUN-0605,,manager,approve,258,36,
RVA-01742,RUN-0606,5,senior,approve,265,22,
RVA-01743,RUN-0606,,manager,approve,265,103,
RVA-01744,RUN-0607,5,senior,approve,251,9,
RVA-01745,RUN-0607,,manager,approve,251,21,
RVA-01746,RUN-0609,5,senior,comment,240,20,
RVA-01747,RUN-0609,5,senior,edit,240,28,73
RVA-01748,RUN-0609,,manager,approve,240,37,
RVA-01749,RUN-0609,,manager,sign,240,197,
RVA-01750,RUN-0610,,senior,comment,235,3,
RVA-01751,RUN-0610,5,senior,approve,235,8,
RVA-01752,RUN-0610,,manager,approve,235,98,
RVA-01753,RUN-0610,,partner,sign,235,318,
RVA-01754,RUN-0611,5,senior,approve,252,45,
RVA-01755,RUN-0611,,manager,approve,252,79,
RVA-01756,RUN-0611,,partner,sign,252,203,
RVA-01757,RUN-0612,5,senior,edit,256,19,450
RVA-01758,RUN-0612,,manager,approve,256,114,
RVA-01759,RUN-0612,,manager,sign,256,806,
RVA-01760,RUN-0613,5,senior,approve,261,17,
RVA-01761,RUN-0613,,manager,approve,261,42,
RVA-01762,RUN-0613,,manager,sign,261,115,
RVA-01763,RUN-0614,5,senior,approve,254,26,
RVA-01764,RUN-0614,,manager,approve,254,57,
RVA-01765,RUN-0615,5,senior,approve,243,58,
RVA-01766,RUN-0615,,manager,approve,243,76,
RVA-01767,RUN-0617,5,senior,edit,240,33,482
RVA-01768,RUN-0617,,manager,approve,240,93,
RVA-01769,RUN-0618,5,senior,comment,242,15,
RVA-01770,RUN-0618,5,senior,approve,242,21,
RVA-01771,RUN-0618,,manager,approve,242,131,
RVA-01772,RUN-0618,,manager,sign,242,1008,
RVA-01773,RUN-0602,,senior,request_rerun,269,5760,
