id,procedure_id,role,day,status
SGN-0001,PRC-0001,senior,29,reopened
SGN-0002,PRC-0001,manager,32,signed
SGN-0003,PRC-0002,senior,66,reopened
SGN-0004,PRC-0002,manager,67,signed
SGN-0005,PRC-0002,partner,68,signed
SGN-0006,PRC-0003,senior,67,signed
SGN-0007,PRC-0003,manager,69,signed
SGN-0008,PRC-0004,senior,66,signed
SGN-0009,PRC-0004,manager,72,signed
SGN-0010,PRC-0005,senior,20,signed
SGN-0011,PRC-0005,manager,21,signed
SGN-0012,PRC-0006,senior,43,signed
SGN-0013,PRC-0006,manager,45,signed
SGN-0014,PRC-0007,senior,74,signed
SGN-0015,PRC-0007,manager,75,signed
SGN-0016,PRC-0008,senior,56,signed
SGN-0017,PRC-0008,manager,62,signed
SGN-0018,PRC-0009,senior,27,signed
SGN-0019,PRC-0009,manager,28,pending
SGN-0020,PRC-0010,senior,34,signed
SGN-0021,PRC-0010,manager,36,signed
SGN-0022,PRC-0011,senior,61,signed
SGN-0023,PRC-0011,manager,63,signed
SGN-0024,PRC-0012,senior,29,signed
SGN-0025,PRC-0012,manager,31,signed
SGN-0026,PRC-0013,senior,36,signed
SGN-0027,PRC-0013,manager,38,signed
SGN-0028,PRC-0013,partner,44,signed
SGN-0029,PRC-0014,senior,82,signed
SGN-0030,PRC-0014,manager,83,pending
SGN-0031,PRC-0014,partner,85,pending
SGN-0032,PRC-0015,senior,36,signed
SGN-0033,PRC-0015,manager,42,signed
SGN-0034,PRC-0015,partner,48,signed
SGN-0035,PRC-0016,senior,56,signed
SGN-0036,PRC-0016,manager,62,signed
SGN-0037,PRC-0016,partner,67,signed
SGN-0038,PRC-0017,senior,31,signed
SGN-0039,PRC-0017,manager,32,signed
SGN-0040,PRC-0017,partner,38,signed
SGN-0041,PRC-0018,senior,78,signed
SGN-0042,PRC-0018,manager,80,pending
SGN-0043,PRC-0019,senior,68,signed
SGN-0044,PRC-0019,manager,72,signed
SGN-0045,PRC-0020,senior,57,signed
SGN-0046,PRC-0020,manager,60,signed
SGN-0047,PRC-0021,senior,45,signed
SGN-0048,PRC-0021,manager,50,signed
SGN-0049,PRC-0021,partner,54,signed
SGN-0050,PRC-0022,senior,79,signed
SGN-0051,PRC-0022,manager,85,pending
SGN-0052,PRC-0022,partner,87,pending
SGN-0053,PRC-0023,senior,77,signed
SGN-0054,PRC-0023,manager,83,signed
SGN-0055,PRC-0024,senior,60,signed
SGN-0056,PRC-0024,manager,66,signed
SGN-0057,PRC-0024,partner,67,signed
SGN-0058,PRC-0025,senior,51,pending
SGN-0059,PRC-0025,manager,56,pending
SGN-0060,PRC-0026,senior,45,signed
SGN-0061,PRC-0026,manager,49,signed
SGN-0062,PRC-0027,senior,92,signed
SGN-0063,PRC-0027,manager,93,pending
SGN-0064,PRC-0028,senior,88,signed
SGN-0065,PRC-0028,manager,91,signed
SGN-0066,PRC-0029,senior,50,signed
SGN-0067,PRC-0029,manager,53,signed
SGN-0068,PRC-0030,senior,45,signed
SGN-0069,PRC-0030,manager,46,signed
SGN-0070,PRC-0031,senior,66,signed
SGN-0071,PRC-0031,manager,68,signed
SGN-0072,PRC-0032,senior,102,signed
SGN-0073,PRC-0032,manager,108,pending
SGN-0074,PRC-0032,partner,110,pending
SGN-0075,PRC-0033,senior,49,signed
SGN-0076,PRC-0033,manager,50,signed
SGN-0077,PRC-0034,senior,70,signed
SGN-0078,PRC-0034,manager,75,signed
SGN-0079,PRC-0034,partner,81,signed
SGN-0080,PRC-0035,senior,87,pending
SGN-0081,PRC-0035,manager,90,pending
SGN-0082,PRC-0036,senior,101,signed
SGN-0083,PRC-0036,manager,102,pending
SGN-0084,PRC-0037,senior,48,signed
SGN-0085,PRC-0037,manager,50,signed
SGN-0086,PRC-0037,partner,54,signed
SGN-0087,PRC-0038,senior,64,reopened
SGN-0088,PRC-0038,manager,68,signed
SGN-0089,PRC-0038,partner,71,signed
SGN-0090,PRC-0039,senior,69,pending
SGN-0091,PRC-0039,manager,72,pending
SGN-0092,PRC-0039,partner,73,pending
SGN-0093,PRC-0040,senior,50,signed
SGN-0094,PRC-0040,manager,56,pending
SGN-0095,PRC-0040,partner,59,pending
SGN-0096,PRC-0041,senior,104,signed
SGN-0097,PRC-0041,manager,106,signed
SGN-0098,PRC-0042,senior,122,signed
SGN-0099,PRC-0042,manager,127,signed
SGN-0100,PRC-0043,senior,124,signed
SGN-0101,PRC-0043,manager,127,pending
SGN-0102,PRC-0044,senior,112,signed
SGN-0103,PRC-0044,manager,115,signed
SGN-0104,PRC-0044,partner,117,signed
SGN-0105,PRC-0045,senior,107,signed
SGN-0106,PRC-0045,manager,112,signed
SGN-0107,PRC-0046,senior,107,signed
SGN-0108,PRC-0046,manager,109,signed
SGN-0109,PRC-0047,senior,141,signed
SGN-0110,PRC-0047,manager,145,signed
SGN-0111,PRC-0047,partner,146,reopened
SGN-0112,PRC-0048,senior,135,signed
SGN-0113,PRC-0048,manager,136,signed
SGN-0114,PRC-0049,senior,97,signed
SGN-0115,PRC-0049,manager,103,signed
SGN-0116,PRC-0049,partner,106,signed
SGN-0117,PRC-0050,senior,103,signed
SGN-0118,PRC-0050,manager,108,signed
SGN-0119,PRC-0051,senior,127,signed
SGN-0120,PRC-0051,manager,133,pending
SGN-0121,PRC-0051,partner,138,pending
SGN-0122,PRC-0052,senior,136,signed
SGN-0123,PRC-0052,manager,140,signed
SGN-0124,PRC-0053,senior,101,signed
SGN-0125,PRC-0053,manager,107,signed
SGN-0126,PRC-0054,senior,154,signed
SGN-0127,PRC-0054,manager,155,signed
SGN-0128,PRC-0055,senior,141,signed
SGN-0129,PRC-0055,manager,147,signed
SGN-0130,PRC-0056,senior,116,signed
SGN-0131,PRC-0056,manager,121,signed
SGN-0132,PRC-0057,senior,95,signed
SGN-0133,PRC-0057,manager,99,pending
SGN-0134,PRC-0058,senior,155,signed
SGN-0135,PRC-0058,manager,156,pending
SGN-0136,PRC-0059,senior,117,signed
SGN-0137,PRC-0059,manager,119,signed
SGN-0138,PRC-0060,senior,131,signed
SGN-0139,PRC-0060,manager,137,signed
SGN-0140,PRC-0061,senior,135,signed
SGN-0141,PRC-0061,manager,141,signed
SGN-0142,PRC-0061,partner,144,signed
SGN-0143,PRC-0062,senior,177,signed
SGN-0144,PRC-0062,manager,178,signed
SGN-0145,PRC-0062,partner,179,signed
SGN-0146,PRC-0063,senior,152,signed
SGN-0147,PRC-0063,manager,154,signed
SGN-0148,PRC-0064,senior,169,signed
SGN-0149,PRC-0064,manager,172,signed
SGN-0150,PRC-0065,senior,131,signed
SGN-0151,PRC-0065,manager,135,signed
SGN-0152,PRC-0065,partner,136,signed
SGN-0153,PRC-0066,senior,154,signed
SGN-0154,PRC-0066,manager,157,signed
SGN-0155,PRC-0066,partner,163,signed
SGN-0156,PRC-0067,senior,154,signed
SGN-0157,PRC-0067,manager,159,pending
SGN-0158,PRC-0067,partner,162,pending
SGN-0159,PRC-0068,senior,166,signed
SGN-0160,PRC-0068,manager,171,signed
SGN-0161,PRC-0068,partner,174,signed
SGN-0162,PRC-0069,senior,120,signed
SGN-0163,PRC-0069,manager,121,signed
SGN-0164,PRC-0070,senior,173,signed
SGN-0165,PRC-0070,manager,178,signed
SGN-0166,PRC-0071,senior,169,signed
SGN-0167,PRC-0071,manager,175,pending
SGN-0168,PRC-0071,partner,177,pending
SGN-0169,PRC-0072,senior,144,signed
SGN-0170,PRC-0072,manager,149,signed
SGN-0171,PRC-0073,senior,134,signed
SGN-0172,PRC-0073,manager,137,pending
SGN-0173,PRC-0074,senior,173,signed
SGN-0174,PRC-0074,manager,179,signed
SGN-0175,PRC-0075,senior,165,signed
SGN-0176,PRC-0075,manager,169,signed
SGN-0177,PRC-0076,senior,170,signed
SGN-0178,PRC-0076,manager,171,signed
SGN-0179,PRC-0077,senior,143,signed
SGN-0180,PRC-0077,manager,146,signed
SGN-0181,PRC-0078,senior,150,signed
SGN-0182,PRC-0078,manager,154,signed
SGN-0183,PRC-0079,senior,143,signed
SGN-0184,PRC-0079,manager,147,signed
SGN-0185,PRC-0079,partner,151,signed
SGN-0186,PRC-0080,senior,143,signed
SGN-0187,PRC-0080,manager,147,signed
SGN-0188,PRC-0080,partner,148,signed
SGN-0189,PRC-0081,senior,176,reopened
SGN-0190,PRC-0081,manager,179,signed
SGN-0191,PRC-0081,partner,182,signed
SGN-0192,PRC-0082,senior,196,signed
SGN-0193,PRC-0082,manager,202,signed
SGN-0194,PRC-0082,partner,204,signed
SGN-0195,PRC-0083,senior,201,signed
SGN-0196,PRC-0083,manager,207,signed
SGN-0197,PRC-0083,partner,211,signed
SGN-0198,PRC-0084,senior,211,signed
SGN-0199,PRC-0084,manager,212,signed
SGN-0200,PRC-0084,partner,218,reopened
SGN-0201,PRC-0085,senior,173,signed
SGN-0202,PRC-0085,manager,174,signed
SGN-0203,PRC-0086,senior,209,reopened
SGN-0204,PRC-0086,manager,210,pending
SGN-0205,PRC-0087,senior,197,signed
SGN-0206,PRC-0087,manager,198,signed
SGN-0207,PRC-0088,senior,199,reopened
SGN-0208,PRC-0088,manager,203,signed
SGN-0209,PRC-0089,senior,164,signed
SGN-0210,PRC-0089,manager,166,pending
SGN-0211,PRC-0090,senior,204,signed
SGN-0212,PRC-0090,manager,205,signed
SGN-0213,PRC-0090,partner,209,signed
SGN-0214,PRC-0091,senior,190,signed
SGN-0215,PRC-0091,manager,194,signed
SGN-0216,PRC-0092,senior,172,signed
SGN-0217,PRC-0092,manager,177,signed
SGN-0218,PRC-0093,senior,170,signed
SGN-0219,PRC-0093,manager,172,signed
SGN-0220,PRC-0093,partner,175,signed
SGN-0221,PRC-0094,senior,177,signed
SGN-0222,PRC-0094,manager,182,signed
SGN-0223,PRC-0095,senior,204,signed
SGN-0224,PRC-0095,manager,205,signed
SGN-0225,PRC-0096,senior,198,signed
SGN-0226,PRC-0096,manager,199,signed
SGN-0227,PRC-0097,senior,172,reopened
SGN-0228,PRC-0097,manager,178,signed
SGN-0229,PRC-0098,senior,222,signed
SGN-0230,PRC-0098,manager,227,signed
SGN-0231,PRC-0099,senior,208,signed
SGN-0232,PRC-0099,manager,209,reopened
SGN-0233,PRC-0100,senior,187,signed
SGN-0234,PRC-0100,manager,188,pending
SGN-0235,PRC-0101,senior,209,signed
SGN-0236,PRC-0101,manager,212,signed
SGN-0237,PRC-0102,senior,242,signed
SGN-0238,PRC-0102,manager,248,signed
SGN-0239,PRC-0103,senior,233,signed
SGN-0240,PRC-0103,manager,238,signed
SGN-0241,PRC-0104,senior,223,signed
SGN-0242,PRC-0104,manager,229,signed
SGN-0243,PRC-0105,senior,208,signed
SGN-0244,PRC-0105,manager,213,signed
SGN-0245,PRC-0105,partner,218,signed
SGN-0246,PRC-0106,senior,234,signed
SGN-0247,PRC-0106,manager,235,signed
SGN-0248,PRC-0107,senior,246,signed
SGN-0249,PRC-0107,manager,250,signed
SGN-0250,PRC-0108,senior,239,signed
SGN-0251,PRC-0108,manager,245,signed
SGN-0252,PRC-0109,senior,200,signed
SGN-0253,PRC-0109,manager,204,pending
SGN-0254,PRC-0110,senior,198,signed
SGN-0255,PRC-0110,manager,203,pending
SGN-0256,PRC-0111,senior,219,signed
SGN-0257,PRC-0111,manager,222,signed
SGN-0258,PRC-0112,senior,230,signed
SGN-0259,PRC-0112,manager,232,signed
SGN-0260,PRC-0113,senior,208,signed
SGN-0261,PRC-0113,manager,214,signed
SGN-0262,PRC-0113,partner,216,signed
SGN-0263,PRC-0114,senior,244,signed
SGN-0264,PRC-0114,manager,250,signed
SGN-0265,PRC-0115,senior,198,signed
SGN-0266,PRC-0115,manager,199,signed
SGN-0267,PRC-0116,senior,227,reopened
SGN-0268,PRC-0116,manager,231,pending
SGN-0269,PRC-0116,partner,235,pending
SGN-0270,PRC-0117,senior,188,signed
SGN-0271,PRC-0117,manager,193,pending
SGN-0272,PRC-0118,senior,244,signed
SGN-0273,PRC-0118,manager,249,pending
SGN-0274,PRC-0119,senior,239,signed
SGN-0275,PRC-0119,manager,241,pending
SGN-0276,PRC-0120,senior,210,signed
SGN-0277,PRC-0120,manager,214,signed
SGN-0278,PRC-0121,senior,227,pending
SGN-0279,PRC-0121,manager,229,pending
SGN-0280,PRC-0122,senior,234,reopened
SGN-0281,PRC-0122,manager,235,signed
SGN-0282,PRC-0123,senior,257,signed
SGN-0283,PRC-0123,manager,261,pending
SGN-0284,PRC-0124,senior,258,signed
SGN-0285,PRC-0124,manager,261,pending
SGN-0286,PRC-0125,senior,234,signed
SGN-0287,PRC-0125,manager,239,pending
SGN-0288,PRC-0125,partner,241,pending
SGN-0289,PRC-0126,senior,233,signed
SGN-0290,PRC-0126,manager,235,signed
SGN-0291,PRC-0127,senior,270,pending
SGN-0292,PRC-0127,manager,270,pending
SGN-0293,PRC-0128,senior,236,signed
SGN-0294,PRC-0128,manager,240,signed
SGN-0295,PRC-0128,partner,245,signed
SGN-0296,PRC-0129,senior,236,signed
SGN-0297,PRC-0129,manager,237,signed
SGN-0298,PRC-0130,senior,234,signed
SGN-0299,PRC-0130,manager,236,signed
SGN-0300,PRC-0131,senior,255,pending
SGN-0301,PRC-0131,manager,261,pending
SGN-0302,PRC-0132,senior,250,signed
SGN-0303,PRC-0132,manager,256,signed
SGN-0304,PRC-0133,senior,228,reopened
SGN-0305,PRC-0133,manager,234,signed
SGN-0306,PRC-0134,senior,263,signed
SGN-0307,PRC-0134,manager,268,pending
SGN-0308,PRC-0135,senior,265,signed
SGN-0309,PRC-0135,manager,266,pending
SGN-0310,PRC-0136,senior,268,signed
SGN-0311,PRC-0136,manager,269,pending
SGN-0312,PRC-0136,partner,270,pending
SGN-0313,PRC-0137,senior,228,signed
SGN-0314,PRC-0137,manager,233,pending
SGN-0315,PRC-0137,partner,239,pending
SGN-0316,PRC-0138,senior,270,signed
SGN-0317,PRC-0138,manager,270,pending
SGN-0318,PRC-0138,partner,270,pending
SGN-0319,PRC-0140,senior,260,pending
SGN-0320,PRC-0140,manager,262,pending
SGN-0321,PRC-0140,partner,266,pending
SGN-0322,PRC-0141,senior,253,signed
SGN-0323,PRC-0141,manager,257,pending
SGN-0324,PRC-0141,partner,259,pending
SGN-0325,PRC-0143,senior,267,pending
SGN-0326,PRC-0143,manager,270,pending
SGN-0327,PRC-0143,partner,270,pending
SGN-0328,PRC-0145,senior,257,signed
SGN-0329,PRC-0145,manager,258,pending
SGN-0330,PRC-0146,senior,255,pending
SGN-0331,PRC-0146,manager,260,pending
SGN-0332,PRC-0149,senior,262,pending
SGN-0333,PRC-0149,manager,265,pending
SGN-0334,PRC-0150,senior,270,reopened
SGN-0335,PRC-0150,manager,270,pending
SGN-0336,PRC-0150,partner,270,pending
SGN-0337,PRC-0151,senior,270,signed
SGN-0338,PRC-0151,manager,270,pending
SGN-0339,PRC-0153,senior,250,signed
SGN-0340,PRC-0153,manager,256,signed
SGN-0341,PRC-0154,senior,265,pending
SGN-0342,PRC-0154,manager,268,pending
SGN-0343,PRC-0155,senior,261,signed
SGN-0344,PRC-0155,manager,262,pending
SGN-0345,PRC-0156,senior,270,signed
SGN-0346,PRC-0156,manager,270,pending
SGN-0347,PRC-0156,partner,270,pending
SGN-0348,PRC-0157,senior,257,signed
SGN-0349,PRC-0157,manager,263,pending
SGN-0350,PRC-0160,senior,270,signed
SGN-0351,PRC-0160,manager,270,pending
