id,role,display_name,region
USR-001,associate,Caleb Marsh,East
USR-002,associate,Vesna Ashgrove,Central
USR-003,associate,Oriol Vantrell,North
USR-004,associate,Thandeka Oakhurst,South
USR-005,associate,Kasimir Strombeck,North
USR-006,associate,Liesl Haverly,East
USR-007,associate,Bastien Quenneville,West
USR-008,associate,Maren Rasmund,Central
USR-009,associate,Ozren Thornquist,South
USR-010,associate,Ilka Belmonde,Central
USR-011,associate,Tiberiu Castellane,South
USR-012,associate,Anouk Wrenfield,Central
USR-013,senior,Dana Whitlock,North
USR-014,senior,Fenwick Kolbeck,East
USR-015,senior,Ludovica Marrowick,North
USR-016,senior,Petros Dalmore,East
USR-017,senior,Yevgenia Fenshaw,East
USR-018,senior,Caspian Greywell,South
USR-019,senior,Odalys Harkness,Central
USR-020,senior,Rurik Ivarsen,East
USR-021,senior,Mireille Lamberton,East
USR-022,manager,Rafael Osei,South
USR-023,manager,Sigrun Morrowfield,Central
USR-024,manager,Teodor Norquist,Central
USR-025,manager,Hilde Ostrander,West
USR-026,manager,Anselm Pellingham,Central
USR-027,manager,Nkechi Quarrie,East
USR-028,manager,Ivo Rosvall,West
USR-029,partner,Ingrid Haller,East
USR-030,partner,Branwen Sablewood,North
USR-031,partner,Lazlo Tarrant,Central
USR-032,methodology_reviewer,Tomasz Brenner,East
USR-033,methodology_reviewer,Ottilie Ulverston,South
USR-034,data_lead,Wendeline Vossberg,South
USR-035,data_lead,Ingram Yarrowby,East
USR-036,data_lead,Saveria Brightmore,South
